[
{
  "model": "users.customuser",
  "fields": {
    "password": "pbkdf2_sha256$1000000$ApJBzq8LHwVa1fDiigKFc2$4lOIwGD0K4v2uj629r6Rtp6kw7eTf4hKLy3nltZWtls=",
    "last_login": "2026-02-23T13:21:19.269Z",
    "is_superuser": true,
    "username": "datamaster",
    "first_name": "Sebastian",
    "last_name": "Fajardo",
    "is_staff": true,
    "is_active": true,
    "date_joined": "2026-02-13T13:43:15.976Z",
    "email": "admin@example.com",
    "document_number": "1000235504",
    "role": 1,
    "updated_at": "2026-02-16T18:31:18.624Z",
    "digital_signature": "data:image/png;base64,iVBORw0KGgoAAAANSUhEUgAAASsAAADICAYAAACwA8csAAAQAElEQVR4AeydCbAtR12HryIoi1qgIlKA4IYiboigiWwquOEGBJQgSyooCkRZpFxBJGCJGIiUYbFSshQgoAKiosESCaJEXCKbihYghYiAFRcEZVF+36uZl/Py7r1n5sz0nOmZ79X/f7rnnJlevj7397r79PR84oH/JCABCVRAQLGqoJEsogQkcHCgWPktkIAEqiCgWFXRTOMX0hQlUBsBxaq2FrO8ElgpAcVqpQ1vtSVQGwHFqrYWs7wSGEKg4msVq4obz6JLYE0EFKs1tbZ1lUDFBBSrihvPoktgTQQUqyGt7bUSkMBkBBSryVCbkQQkMISAYjWEntdKQAKTEVCsJkNtRsshYE32QUCx2gd185SABHoTUKx6I/MCCUhgHwQUq31QN08JSKA3gRmIVe8ye4EEJLBCAorVChvdKkugRgKKVY2tZpklsEICitUKG30mVbYYEuhFQLHqhcuTJSCBfRFQrPZF3nwlIIFeBBSrXrg8WQISGEpg1+sVq13JeZ0EJDApAcVqUtxmJgEJ7EpAsdqVnNdJQAKTElCsJsU9fmamKIG1EFCs1tLS1lMClRNQrCpvQIsvgbUQUKzW0tLWc1kEVlgbxWqFjW6VJVAjAcWqxlazzBJYIQHFaoWNbpUlUCMBxYpW0yUggdkTUKxm30QWUAISgIBiBQVdAhKYPQHFavZNZAHLETDlmggoVjW1lmWVwIoJKFYrbnyrLoGaCChWNbWWZZXAigmMKFYrpmjVJSCB4gQUq+KIzUACEhiDgGI1BkXTkIAEihNQrIojXnwGVlACkxBQrCbBbCYSkMBQAorVUIJeLwEJTEJAsZoEs5lIYHkEpq6RYjU1cfOTgAR2IqBY7YTNiyQggakJKFZTEzc/CUhgJwKK1U7Yxr/IFCUggeMJKFbH8/FTCUhgJgQUq5k0hMWQgASOJ6BYHc/HTyVQloCpdyagWHVG5YkVE7g4Zb8s/rzGX5vwgrhWEQHFqqLGsqg7ETgrV50Tv0383o2fkfBh8efGtUoIKFaVNJTF3InA9XLV0+PYG/Py/MZfmfD/4/eJvzyuVUBgWWJVAXCLOCkBRAnBujy53ip+duN3SfiAOHbXvNw4rs2cgGI18wayeDsTuF+uRKASHBD/KJENf3bir45j9+BFnzcBxWra9nl0ssMTaAUJIFIXNek/PuEb4ocZE++8fx4v+rwJKFbTts9jkh2eQBuPwCkpXT9HL4lfK/6M+E/Hj7KXNh/cNOHN49qMCShW0zYOvPFpc11PbldPVV8cv0n80vhD48fZf+XDF8Sxp/Giz5eAfzjzbRtL1p/Aq3LJ7ePviLNk4SMJt9mDcwK/DN4xoTZjAorVjBvHovUicLecfWYcu2de3hvvYlfkpE9oPIE2VwKHiNVci2q5JHAkgevkk1+JY8/Jy+vjfYyeFd7nGs+dmIBiNTFwsytC4AlJ9Qbxd8UfFO9r9qz6EtvD+YrVtND53xufNtdl5/bVqd5D4ti5eflQXFsgAcVq2kad8//g05IYJ7erJZlnxeH6ooR/ENcWSkCxWmjDrqRaP5J63jL+gTjxBDsZvV18p4u9aBoCitU0nM1lfAI3SpLnx7FH5eU98V2Nnhm+6/VeNwEBxWoCyGZRhABDvmsm5dfF250VEtX6EqjlfMWqlpaynJsEbpaDW8SxB+Zl6BCO6/Ekpc2VgGI115axXMcRYBcFPmfHzzcRGegMAfGByXh5SQKKVUm6pl2CAKJy3ybhxzWhwQoIKFYjN7LJFSdwh+TAMPDdCS+JayshoFitpKEXVM37N3XhthrnmRoYawgUqzW08nLqeO1Upd3V85mJaysioFitqLEXUFW2fUGwWK7w9hHrQw8N3z1JryxOQLEqjviUDPiDwE9504POBNpdP7nFpvNFHU5k0h7vcKqn7IuAYjUtef4g8GlzXUZubDv8+akKYs/DShPV1kRAsVpTa9dd159pio9QcS9gczhKgADioyRmImUIzFOsytTVVOslQI/q+1J8RKrdDiaHoxm9XXy0BE1ofAKK1fhMTXF8Ao9NknxXL0z4H/ExjeEl6dmzgsKMnS/AjItn0SRwsNmr+sUCPNrh5QsLpG2SIxJQrEaEaVJDCRx6fcle1aYQ7rId8qEF9s0yBBSrMlxNdRwCm2JSoldVUgjHIWAqJwkoVidRGJkhgZJiUloIZ4iz7iIpVnW335JLX1pMmKPi+19i0n7J7VKibp3SpLE6nehJEpiYQEkxOTt14ak4/AL4pMS1CggoVhU00gqLyHKCUmLyBeHZ3gT9lMT/Pa5VQECxqqCRVljEdjnBc1P3McXkU5Ley+LXihM+PKFWCQHFarqG4g9kitxqz2Nzruq8kSvz6qTH3u3vSNjuNpqoVgMBxWq6Vrp1k9VbmtDgcAKlfgFkd9HbNFnePeF/xrWKCChW0zVW+4fCI6Smy7WunDZ7VWOvq/qBBsXvJvyruFYZAcVqugZrxerPp8uyupxK9aquHhLnxrHH87JEX3qdFKvpWlixOp51yV7VdyXrz4z/Q/zP4lqFBBSraRrts5LN58aZJ3lbQu10AiV7VU9ssntqExpUSECxmqbR2l4VD+WcJse6cinVq/r0YPjDOJPrCQ5YCkGoV0hAsTqi0UZ+uxUr56sOB/tbeZvv4pi3vnxe0rwsfvv4R+Pnx8dcs5XktCkJ8AWZMr+15qVYHd3yrD/78nw85q0vt016fxFnJTyb9d0p8XahaaJajQQUq2la7Ywmmz9pQoMrCdyqibL+bIyez92S3qXx68bfGec/CrkHRO2mWJVvQeZjPi3ZsGqaCfZEtQ0C3API4R/zMtB5VNdvJI1rxBkCkvZbE+9unjlbAopV+abhf3Zycb4KCqc7gsK7f8nLAP/9XPu4OA9+QLCYq3p/jrWFEFCsyjekYnU8429pPh4iVkyef3OTDvGzEv9wXFsQAcWqfGMqVkczvmE+Yg0ak+tvTryv8f29OBf9VPyKOLsoOJEeEEs0GrtcvUwZvl8TDP8X59epBNoGgW9r4vSqPtbEuwZs9/I7Ofmc+D/Fvyr+5Li2UAL8MS20arOoFj/Jc1/am1KaD8W1Uwl8a3P44ibsGrDY8zU5mesvT8h/CAhWotpSCShWZVvWIeDRfK+Wj9r5qt9LvKvdKCfySx9b7rA/1Zk5fl9cWzgBxapsA69UrDpBvV3OYkHouxLS80yw1Vjk+fqcRUhv7M6JfzCurYCAYlW2kb+xSd5lCw2IjYAhHIev4KWDf13OoUd1g4RPi98z/pG4thICilXZhmanBSbXu/YcypZmXqkjNpSoi1ghbK/KySyufWTCH45rKyOgWJVtcBYowrjvL11lSzWP1G/SFOOSJjws4Be/38wH7O7JHNd9Ev+luDZPAkVLxR9S0QxMXAJHEGi/e/99xOdsmMdmedzrh+izzOH5R5zr2ysg0H5hVlBVq1gJgZumnPSkXpqQX/5YknCvxF8Z11ZMQLEap/EflWTw6yTUdiPAkO/ncunfxelFfSAhTHko6YsS11ZOQLEa5wvwk0nmF+L/En9OfAxbUxoM+f42FeZWmU9O+MI4yxN4wg0b5+VQWzsBxWqcb8A3JBkesUXP6vsTd/vcQOho7JbAkI/h39/nmjvEvzf+7rgmgZMEFKuTKAZFeA4dq7F5Nh035fKr1eaqbERsUAYLu5ghX1sldktoh3y3zJtsnJdAk8CpBBSrU3kMPfrVJPCAOILF2qBET9i/5vUlcUXr4KAd8gXHCXPIdwLDlS/GDiegWB3OZci7z87FD4k/Pd4at5V8dw7eHv/x+BpFi2He5pAvGE6YQ74TGHzZRkCx2kZot88vymU/FG/tvolwyw0P2vz5xOlpsZslxzlctLHrBI/DYs0UQz52n/ixRdfYyhUhoFgVwXoi0bb3xJCQCXeeuML9bfQu6GndPWe9J/7yOL0u/qgTXZTRm+IJyNwj+UmpGUM+liI8KXG44IlqEthOYPFitR1BsTO+vkmZyfcmevC6RJjLukdCdg3gARJ3TZz5LHpbv5x4+7SXRKu270np/ybOHuv/m5DdPDeHfKxKx/ORJoHtBBSr7Yx2PeOOzYUM95royYD73biR97PzDsJF74qbdB+aY3bNZL3WryfOmqMEVRk9xKemxDy4lDohWF+c4yfENQnsTECx2hnd1gtbsTruEVNscYJwfWdSYz/yRyR8Y5xtULjFhIWS35TjWoxhH/tN8QMDZUa02MWTx5BxrEtgZwKK1c7ojr2Q+So23mP403Xv9fcmxQvibIX8gwnpXd0sIffEMec198n4b09ZEdqvSMi6KYa35yWOICeY2MxucQQUqzJNynwV8zH0qna5XeSZKRZCxdCJP3YWmb41750bJ90Es7F22MfDGxBphn1fltJxM3ICTQLjEFCsxuF41VS6DAGves1Vj+mVMSlNT4WJ+evmBBad/mnCL4nPwYYM+/glEJ9DPSxDBQQUqzKNNIZYtSVj3uqMHHArD78efm3i7DzKvYibt63k7Ult6LCPHiI+aaHNrF4C3cSq3vrto+QMhfrOV20rJz0QelVfmBPZgI52u0viLLTk9pVEJ7PrJSfm0dphH79e9h323TxpYNSLUJfAVgJ86bee5Am9CAydrzouMybhz84JPxpnVwI2p2PHAuaHGJLl7WJGj47tb5j4b3+hvDC5sdC17699z8p1GItECXUJbCWgWG1F1PuEMYeAR2WOSPAwCm5b4fYVNqv7x5zMTg+8n+gods2k8sD4X8dZic72NzwA47dz/KA4oskPAIl2NsQV4aNX5YMfOmPzRMVq/O8At86QKr8EEpZyfmXkthVuX6GHwgMVWB1PL4c5rScmY3p5u7Qxw7QLDw4O6EXxy+RXJi32mkKcWMjK0PMZea+vnZULuDbBwYPzckVck0AnArt8kTslvOKTvih1p/fRdX1VTh9kDAe5jYXlDYgWizK/NCnS63pNwn+LM3xjxTzzaTk81Lh3DzH5o3zK1sKskbp24qzA594+VqHTo2OSP2/3Nua62p0oeO4f3jsRL1gvAcVq/LbnFy640vMZP/WjU3xePkK0mNy/fuL8eviyhNeIM3xDyOjJvC3Hvxanh3OLhAwb2fv8nYmz1/mdEv5z/DHxG8dbAUt0Z0MkEUEE6/KkghAm0CTQnQB/VN3P9sxaCLwvBeXXQ4akrM9iF1N6NQzrWGx6/3zO3NGbEzJsZO/zz0n8/XHWcV2ckO8G81KIIP6zeQ8njhPHiePEW+e4dbbGIV/WiyWJg/vlZWohT5ZaDwKzPJUv5CwLZqFGI/DhpMSaLPbXYjHpa3P8wXhrH0uESfoEB9zSw5quR+eAnhV+78Rx4jhxnDhOHCfeOsetc28gPSuWOCCSb0h6mgR6E1CseiOr8gLmnh6ZkvMMvjMTsp/WZQnp5SAkHH9qjh8ep0f02ISts64L73rMeZzfOhvvPSzp3TrOLqoJNAn0J6BY9WdW0xWIFLfsIFI8Y1ZSygAABDJJREFU1uozUnhu3aHXw/IBJt7/J+9h3Hz85ESYqG+Hc4Ss68KJ48Rx4jhxnHjrHLd+56T5lLgmgUEEFKtB+DpdvI+TEKmfSMaI1PkJEalLEjIkYxHnCxLXJFAVAcWqqubaWthNkWLHhk2RYv/zqZZTbC2oJ0igLwHFqi+xeZ6PSLGqnF8BW5HiFhx6UorUPNvMUvUkoFj1BNbhdG4jwTucOvgURKqdOP+OpMbtMUxoMx/F5nf2pAJlX2a+4xJQrMblSWosCsWJl3JE6qoT59y7x+Q4E9r80lcqb9OVwF4IKFZ7wb5zpojUURPnrI9i2cHOiXuhBOZMQLGac+tcWbZNkWrnpNpf95yTupKTsQUTqEasKmoD5qvwMYrMfX1MlDtxPgZN06iagGI1fvMxX4UPTZldQbmvjr2qnDgfStPrqyegWI3fhPSq8CEpsytB+1grtmTh2InzIUS9tnoCitX4TUivCt8lZRZxviIXsm8UT2O+NHF6WDwsNNEVmlWWQENAsWpAFAhu2DNNNrh7S65hOxd2SnhE4myRzL7riWoSWDcBxapc+7OBHeJD74glBa1zs+9mnGMWcuJsmsde6rdNsS6IDx1OJglNAssgoFiN347nJEl23ER02D/qdjlml4PW2fNpM84xvaqcdnBRXnisFbtpJqpJYK0ETq+3YnU6k6HvsGXwvZIIc03s48R2vu3eToSb+z0Rx9mZE9HiIQrtli1JQpOABFoCilVLokzIPk70mtq9nQgZ9hHixPFzkz37oCfQJCCBwwgoVodR8T0JSGB2BBSr2TVJiQKZpgTqJ6BY1d+G1kACqyCgWK2ima2kBOonoFjV34bWQAJHEVjU+4rVoprTykhguQQUq+W2rTWTwKIIKFaLak4rI4HlElCsuretZ0pAAnskoFjtEb5ZS0AC3QkoVt1ZeaYEJLBHAorVHuGbdR0ELOU8CChW82gHSyEBCWwhoFhtAeTHEpDAPAgoVvNoB0shAQlsITC5WG0pjx9LQAISOJSAYnUoFt+UgATmRkCxmluLWB4JSOBQAorVoVh8c3QCJiiBgQQUq4EAvVwCEpiGgGI1DWdzkYAEBhJQrAYC9HIJSOA4AuN9pliNx9KUJCCBggQUq4JwTVoCEhiPgGI1HktTkoAEChJQrArCHT9pU5TAegkoVutte2sugaoIKFZVNZeFlcB6CShW6217a14PAUsaAopVIGgSkMD8CShW828jSygBCYSAYhUImgQkMH8CaxSr+beKJZSABE4joFidhsQ3JCCBORJQrObYKpZJAhI4jYBidRoS31gqAetVNwHFqu72s/QSWA0BxWo1TW1FJVA3AcWq7vaz9BJYDYGdxWo1hKyoBCQwCwKK1SyawUJIQALbCChW2wj5uQQkMAsCitUsmqGiQlhUCeyJgGK1J/BmKwEJ9CPwcQAAAP//l+/unQAAAAZJREFUAwBKpFOvS0WWZQAAAABJRU5ErkJggg==",
    "groups": [],
    "user_permissions": []
  }
},
{
  "model": "users.customuser",
  "fields": {
    "password": "pbkdf2_sha256$1000000$Kf2u5oNCOuR9BlL3lq1L1Q$tifF6yJ729DwIeUHuzV1hvus7Wte7QrLYwHfeUKVSpo=",
    "last_login": "2026-02-16T18:33:41.464Z",
    "is_superuser": false,
    "username": "Fabi",
    "first_name": "Fabian",
    "last_name": "Gaona",
    "is_staff": false,
    "is_active": true,
    "date_joined": "2026-02-16T18:32:28.580Z",
    "email": "p.ti@plastitec-sa.com",
    "document_number": "1012462411",
    "role": 4,
    "updated_at": "2026-02-16T18:32:29.548Z",
    "digital_signature": null,
    "groups": [],
    "user_permissions": []
  }
},
{
  "model": "users.customuser",
  "fields": {
    "password": "pbkdf2_sha256$1000000$KAJhl0xAbjWXv8EdzLl712$8k08zdJq4jkSZdZcwKu4wfMS3KQHbXL2YvtgK4nfHeU=",
    "last_login": "2026-02-18T20:43:34.921Z",
    "is_superuser": false,
    "username": "clara.morales.53",
    "first_name": "Clara",
    "last_name": "Morales",
    "is_staff": false,
    "is_active": true,
    "date_joined": "2026-02-18T18:09:22.968Z",
    "email": "clara.morales.53@plastitec.com",
    "document_number": "66255923",
    "role": 4,
    "updated_at": "2026-02-18T18:43:54.303Z",
    "digital_signature": "data:image/png;base64,iVBORw0KGgoAAAANSUhEUgAAASsAAADICAYAAACwA8csAAAQAElEQVR4AeydZ6gEXX2HbwLGJAQ/SCJJTCSxooKKil2x996w994VFPSDDUHFjr13xd7F3rBg736wi4goCoIV++953zmy3rt3d/pOeS7nv2d25tTnv/O7M2fPnP3HI/8kIAEJzICAYjUDJ9lECUjg6Eix8lMgAQnMgoBiNQs39d9IS5TA3AgoVnPzmO2VwEoJKFYrdbzdlsDcCChWc/OY7ZVAFwIzzqtYzdh5Nl0CayKgWK3J2/ZVAjMmoFjN2Hk2XQJrIqBYdfG2eSUggdEIKFajobYiCUigCwHFqgs980pAAqMRUKxGQ21FyyFgTw5BQLE6BHXrlIAEGhNQrBojM4MEJHAIAorVIahbpwQk0JjABMSqcZvNIAEJrJCAYrVCp9tlCcyRgGI1R6/ZZgmskIBitUKnT6TLNkMCjQgoVo1wmVgCEjgUAcXqUOStVwISaERAsWqEy8QSkEBXAm3zK1ZtyZlPAhIYlYBiNSpuK5OABNoSUKzakjOfBCQwKgHFalTc/VdmiRJYCwHFai2etp8SmDkBxWrmDrT5ElgLAcVqLZ62n8sisMLeKFYrdLpdlsAcCShWc/SabZbACgkoVit0ul2WwBwJKFZ4TZOABCZPQLGavItsoAQkAAHFCgqaBCQweQKK1eRdZAOHI2DJcyKgWM3JW7ZVAismoFit2Pl2XQJzIqBYzclbtlUCKybQo1itmKJdl4AEBiegWA2O2AokIIE+CChWfVC0DAlIYHACitXgiBdfgR2UwCgEFKtRMFuJBCTQlYBi1ZWg+SUggVEIKFajYLYSCSyPwNg9UqzGJm59EpBAKwKKVStsZpKABMYmoFiNTdz6JCCBVgQUq1bY+s9kiRKQwG4CitVuPh6VgAQmQkCxmogjbIYEJLCbgGK1m49HJTAsAUuvTUCxqo3KhBKQwCEJKFaHpG/dEpBAbQKKVW1UJpSABA5JYFlidUiS49T9b6nmZbF3xgwSWBUBxWo+7n52mvqj2B1j14shXIkMElgHAcVqPn6+d5p6ttjPY4Qr8KJJYC0EFKv5ePrhaeqDY0+JEa7MiwYBbQ0EFKvhvfzUVPHm2Ksre3QVfzjxpj0y73eFJ+bg02MfiRFux4smgbUQUKyG9fQDUzxXQzdJfJvKHlXFXBltGiKWQ3vDZ5PiL7Fzxv4zZpDAKggoVsO5+X4pmiuh3yZ+Sew1lT2mirlCKpZdR//ASw37Y9J8KUa4Ji+aBNZAYItYraHbg/fxDanhmbFfxa4eu2vstpVxBcX2VfIeu2pirpQSHb2SlxrGbSXJFCsoaKsgoFj172amFtw8xSJA10n8ydiuQLqHJQEx41Bvyva+8P4qwTWq2EgCiyegWPXr4ounuOfECAyYf5yNGvbkpLlzjHDTvJw3tit8Jgd/ETtH7GIxgwQWT0Cx6s/FCMdbUty/xp4fe1ysSXh5Ej8vRnguLzuMq7APVMf7urqqijOSwDQJKFb9+OUsKYZxqnMl/ljs/rE2gblUCNHVamR+X5XGcasKhNGyCShW/fj3gynmSrHvx24R+0OsTeDWDsF6QI3M76nSXDHxWWMGCSyagGLV3b2IE4JBSbfMy09jXQKTP59Vo4AfJs03YwgV87WyaZBAcwJzyaFYdfPU2ZO9jDO9INtM2Ew0WijfCnorOBpyKzoUAcWqG3kel0GwmKR5325Ftcpdxq2YHd+qADNJYC4EFKv2nmKJlotU2Zlbxczy6u1o0Yeqmnjshm8hq7dGElgeAcWqvU/LONWnU8RXYmeEkV+YIf/Vqs5LVbGRBBZJQLFq79YyqP3W9kX0kvPdVSmXqWIjCSySgGLV3q1FrHgYuX0p3XN+qirislVsJIFFElCs2rmV8apLJiu3YZ9LfMjwiaryy1Wx0SEIWOfgBBSrdogZr4IdQnGIgfXNVv8sb74b+/fYeWIGCSySACfcIjs2cKemcgtYuumtYCFhvFgCilU7196oynbo8aqqGUeKVSFhvFgC0xSr6eM+f5r459ihx6vShDNCESuWTz5jhy8SWBoBxaqdR1mCGHaHHq8qrf9yNlit4b8SOzk0EAzLI8AJt7xera9Hf0qXvx4juBgfFLTFEVCsluNS1tGiN0ypIJ6h2WQJnE5AsTqdzdyOfL5q8CWq2EgCiyKgWC3HnYrVcnxpT7YQUKy2QKmxi8FsrEbS0ZLwQDMrlF4wNS59kP2/08cXx1h1ovzSNWt7sY+nC3LIMCMCtZqqWNXCdCIR3wZiJw4ccAdTKb6Q+vFpX4PsT015/EYhgsDaXcX45Z4cGjX8T2p7cIxfDPpR4rvE+N1F1vLC+H1G9nHs7TlmWBgBPtgL69Kqu1NuBfsYZH9QSCIOzN1CDJi1X+xROTZG+KdU8trY92Is44x4Xj7bPF70usTPiL2mMlZqpf9ny/sbxIa6unxCymaqyCEEO1WvNyhWy/I9Jys96jrIjlA9LQX9NvbSGILAbP1ij8m+ocOlUwG3trdK/H+xb8ceH+O3GXkGkv20k1+3xu6ZY4j01xIT+rq6pKxN4wdpWXRxLMHerHvV24pVO/czXoW1yz1cLsSK0q/NS0tDABAqVpRgbXdurRADbrmKPbZl2XWzMfbErHyeFPhNMr0zdr7YI2JfjO0KQ0/hKOvse+7s8sIAxwTeDirjVVi73MPl4qoCET1HqvjnWNPwtmQoQnWdbDM+lGj0gEDCF9GiH9dt0IIi2F2vLk+rss4vD52W1/0dCChWHeBNMCsz2b9TtYtvBavNWtH/J9UNY4RDChX1F7tbNviMYtmsFYpYdbm63FXR5sqwd9+V0GP9EmjyIei35nmXxtULNsVelIerL9Swcfeo0vNNWpMrqiclHwPfiSYRNq8u/7dlixg8Z62ybf36Zcosvn92thnwT3T4sPQWKFbtPMwtCtYu97C5vlEVf+EqrhOdJYm4ikl0xLddxHUMBg9JQr41fGXiKQSuLovY3rxlgxg8Z+VV+vWcLWXQb3bD7S3ZYGwtkWFIAorVkHQPU3Z5oLmJWLE+FyuNfitNZmA7Ua3AFUb5DN0uObad2NndOFAuRkZijO269sIq4S2ruGlU+kS9fMtYxOl4OW/Ijv+IvSPGlIlEhqEIFKcMVb7ljk+giBVf49etvVxNPbNuhi3p9p3YW7KcugtxwEhAjLFd1xhX+l0SM+UhUetwv+S8f4y+Jfpb4D3G70XyA7dcWb0+Rz2fAmGoINxTyO7YzYnDB5UkU7n1oS3FmI9E+1jbquzbFTOuw7wl0nTpD1z4PFE3ZXUxysAogxhju64xrsTVImvl182zmY76MK4Usc1jbNNXjHlofCnxk+y8VozxvkSGIQjw4Rqi3CWXyYeYiYH0kVsf5iWxPRVjzIYTCavTpltUiT6Z+BexpuGDGxlgs/G29SZtxyiAGGO7ib0viRHuRI0D9WGnZaSfGMeZWc8sf7avl5cHxgwDEFCs2kF9crLdKcaEReYldbkiSTGnBr6VKmJyaqKOB8q4znNblkMbS9ZdJ3hJs4SYfmKlL4zz8QUFV1pPz05uHxMZ+iSgWLWn+fJk5dI/0RFXWH3/R+X2jMdankcFA9m5Ui6Ptfw+MRNCEzUOXJHx7F7jjJPM0L5RTGDlYWpm/jP294r2RZlzGwHFahuV+vv4ivwOSc4VVt//UcsVD3WkikFC+Wr/vSmdcZ5ErQIP9pKRKwvivozxoL7KalIOt3jYaXk4hh0/jnAzoZb9t8/L1IYI0qT5BsWqu++4BbxGiun7P+p9UiaBr8eJmxgnErYvT5kIyjdZ+9LuOl4ebfmXJOrjCpNv81LU0aEebeEWD6MN24xj2LZj/HMZY4hgW92L3qdY9ePe8h8VgeA/Kl9nb5v9XLc2voE6d5W4nLjV21oRJxK2LzEPB5OmTR3kwxhT45aV7b6uMLla5ZemS7mUPabhR6xtnWWIgDIYIsCfbcsyX0VgWLGqKllJxH/UO1d9vWhiZj8jAk1XrkRk7pX8BMrgio3tIaz4v20dZ0+jypgaYzSbV5hvyrG2gVtS+t42f9d8+ADrUs7m52HXxNIudawqb/mwrqrTA3aW/6j3TfmIVKIj5vowB4dHMuqKFv+Ny4nCOBjlNDXKwJrma5Kexe1YORTB4kryrslcrjCzeXTTvGCJWoVXJRcnfKJRA+wLO27xNyvHh8W3pCHt5vHj23we2Md5Rnq2tZYEgNgyq9lOIcAlP/NuWByOh2E5qW+ctCy3+67ELBHM/uO3iZwIfKNUnu3jw73vZEhxWwP5sK0HN3ZSB7axa+8m5bK+1TeTkkXoEh0xk7v84CsCU662eOwFMSNNG7v3RqaxHmeBx+Y8Otavwmf4Dh/yD6ikId5ooptDElCshqPLsrtXSPGMv3wmMScb6zKxRHB5SPb4icA6TiztwknACUOcrI0CYlIy7JvvQ1qspN8XXyYJmFPEVc85s83ywgzSfyXbG+HoAXnD6gcIFSd53rYKlMEkVzIzLYB4DCvz6KiLx5bwGb7Dh/yjuXUOkCaRYSwCitXwpLmVYC4TYzBliWB+iYWaj58IrMX0xhxAZNqeDAjcQ1MGz8axsmYdMeKqLllODfxYAwLFbR594daWtZzOmxxcPSX6u8Cv7DCwzE4EDgZstzHqIt/YS7FwC8ct/btTOcs68x4f8g+If0TZXSvgB6xWYhOdTkCxOp1N30cYf+LKiVsolgvediIgXny7xq1kl/oROkSFBegQr31l/TgJWDmA2x3s0XlPjJXHVmg3IsRDzzxL+KKk2VU2c6/K9AuECwFOlsbhB1UOvrSoNkeL8AOP0NB3piPgw6aV3ywZsESGLgQUqy70uuXt40TY1QJuzbBdabhdY01zrqyun4Tc7mCs50SM8Q3fWXOMb/cukPjhsV/H6gQe4eEkZ7Jo3au84+VyK8g+BJJ4bsaVGTa3drdp76B5FKtB8U6+cB4L4ddiuL0pt6jc8vCYDzH2kvQCgWK2+/ez3TRw+8StYN2rvOPlf7raUXcViSq50dIIKFZL82i7/nB7U25RueXhNpAYY0oCt37tSj4zF1d42Jnvmr1+tErO1V21abRGAorVGr0+rz7zjeO8WmxrByGgWA2CtZdCLeRMAn8+M/J17QQUq7V/Auy/BGZCQLGaiaNW3ky+ncRWjmHd3Ves1u3/ufSen6vH5tLeTu0083YCitV2Lu6VgAQmRkCxmphDbI4EJLCdgGK1nYt7JSCBiRFYvFhNjLfNkYAEWhJQrFqCM5sEJDAuAcVqXN7WJgEJtCSgWLUEZ7aJE7B5iyOgWC3OpXZIAsskoFgt06/2SgKLI6BYLc6ldkgCyyRQT6yW2Xd7JQEJzIiAYjUjZ9lUCayZgGK1Zu/bdwnMiIBiNSNnjd9Ua5TAdAgoVtPxhS2RgAR2EFCsdsDxkAQkMB0CitV0fGFLJDAVApNsh2I1SbfYKAlI4DgBxeo4Ed9LQAKTJKBYTdItNkoCEjhOQLE6TqT/95YoAQn0QECx5d0M7wAAAo5JREFU6gGiRUhAAsMTUKyGZ2wNEpBADwQUqx4gWoQEthFwX78EFKt+eVqaBCQwEAHFaiCwFisBCfRLQLHql6elSUACAxGYjVgN1H+LlYAEZkJAsZqJo2ymBNZOQLFa+yfA/ktgJgQUq5k4arXNtOMSqAgoVhUIIwlIYNoEFKtp+8fWSUACFQHFqgJhJAEJTInAybYoVieZuEcCEpggAcVqgk6xSRKQwEkCitVJJu6RgAQmSECxmqBT+m+SJUpg/gQUq/n70B5IYBUEFKtVuNlOSmD+BBSr+fvQHkjgNAKL2q9YLcqddkYCyyWgWC3Xt/ZMAosioFgtyp12RgLLJaBY1fetKSUggQMSUKwOCN+qJSCB+gQUq/qsTCkBCRyQgGJ1QPhWPQ8CtnIaBBSrafjBVkhAAnsIKFZ7AHlYAhKYBgHFahp+sBUSkMAeAqOL1Z72eFgCEpDAVgKK1VYs7pSABKZGQLGamkdsjwQksJWAYrUVizt7J2CBEuhIQLHqCNDsEpDAOAQUq3E4W4sEJNCRgGLVEaDZJSCBXQT6O6ZY9cfSkiQggQEJKFYDwrVoCUigPwKKVX8sLUkCEhiQgGI1INz+i7ZECayXgGK1Xt/bcwnMioBiNSt32VgJrJeAYrVe39vz+RCwpSGgWAWCQQISmD4BxWr6PrKFEpBACChWgWCQgASmT2CNYjV9r9hCCUjgBAHF6gQSd0hAAlMkoFhN0Su2SQISOEFAsTqBxB1LJWC/5k1AsZq3/2y9BFZDQLFajavtqATmTUCxmrf/bL0EVkOgtVithpAdlYAEJkFAsZqEG2yEBCSwj4BitY+QxyUggUkQUKwm4YYZNcKmSuBABBSrA4G3WglIoBmBvwIAAP//YTCvRgAAAAZJREFUAwA4kN+grph56AAAAABJRU5ErkJggg==",
    "groups": [],
    "user_permissions": []
  }
},
{
  "model": "users.customuser",
  "fields": {
    "password": "pbkdf2_sha256$1000000$DLFl7vc3vj4u8Qi5d12N3p$ewXCBtys7vCa5kEerkTA6WkQaYcKNr//b9PLJEZT/q0=",
    "last_login": null,
    "is_superuser": false,
    "username": "carlos.lopez.16",
    "first_name": "Carlos",
    "last_name": "Lopez",
    "is_staff": false,
    "is_active": true,
    "date_joined": "2026-02-18T18:09:23.946Z",
    "email": "carlos.lopez.16@plastitec.com",
    "document_number": "99576938",
    "role": 6,
    "updated_at": "2026-02-18T18:09:25.024Z",
    "digital_signature": null,
    "groups": [],
    "user_permissions": []
  }
},
{
  "model": "users.customuser",
  "fields": {
    "password": "pbkdf2_sha256$1000000$E0pCyWFztrfqqEElTyCkIJ$Csl3Y+f5ZOgQUUh7rxQO+yBQJDnIohXhVRTjGWHjT/s=",
    "last_login": null,
    "is_superuser": false,
    "username": "luis.vargas.49",
    "first_name": "Luis",
    "last_name": "Vargas",
    "is_staff": false,
    "is_active": true,
    "date_joined": "2026-02-18T18:09:25.029Z",
    "email": "luis.vargas.49@plastitec.com",
    "document_number": "42888625",
    "role": 5,
    "updated_at": "2026-02-18T18:09:25.969Z",
    "digital_signature": null,
    "groups": [],
    "user_permissions": []
  }
},
{
  "model": "users.customuser",
  "fields": {
    "password": "pbkdf2_sha256$1000000$fHG9zywzes3xVHs2KlBgvb$GzSpO60n8yaBZDNE3f4slMy0A+CEPV2pGDn7cZFR5aE=",
    "last_login": "2026-02-18T18:44:21.751Z",
    "is_superuser": false,
    "username": "carlos.castro.29",
    "first_name": "Carlos",
    "last_name": "Castro",
    "is_staff": false,
    "is_active": true,
    "date_joined": "2026-02-18T18:09:25.977Z",
    "email": "carlos.castro.29@plastitec.com",
    "document_number": "63615413",
    "role": 4,
    "updated_at": "2026-02-18T18:17:00.289Z",
    "digital_signature": null,
    "groups": [],
    "user_permissions": []
  }
},
{
  "model": "users.customuser",
  "fields": {
    "password": "pbkdf2_sha256$1000000$I47tLXvlMdbXfMEz8hqeIz$imiTOxe2SOvnx4dLapLlPP8hgylFJ3IWeSPyTvydoM8=",
    "last_login": "2026-02-18T20:44:57.654Z",
    "is_superuser": false,
    "username": "elena.flores.25",
    "first_name": "Elena",
    "last_name": "Flores",
    "is_staff": false,
    "is_active": true,
    "date_joined": "2026-02-18T18:09:26.906Z",
    "email": "elena.flores.25@plastitec.com",
    "document_number": "37078781",
    "role": 3,
    "updated_at": "2026-02-18T18:37:36.675Z",
    "digital_signature": "data:image/png;base64,iVBORw0KGgoAAAANSUhEUgAAASsAAADICAYAAACwA8csAAAQAElEQVR4AeydB8w0QV2HX0XFFjRGjRqNBXvv3aiRKGiwm1iw964YBTUgaiwRBOyoYO8CagyWEGooAQKhl0CAhN5CL4FQfs+XHb777r33bndvd2/m9nkz/5293anP3P7emdnZvXe98E8CEpBAAwQUqwYaySJKQAIXF4qV3wIJSKAJAopVE800fSFNUQKtEVCsWmsxyyuBlRJQrFba8FZbAq0RUKxaazHLK4FjCDQcV7FquPEsugTWRECxWlNrW1cJNExAsWq48Sy6BNZEQLE6prWNKwEJLEZAsVoMtRlJQALHEFCsjqFnXAlIYDECitViqM3ofAhYk1MQUKxOQd08JSCBwQQUq8HIjCABCZyCgGJ1CurmKQEJDCZQgVgNLrMRJCCBFRJQrFbY6FZZAi0SUKxabDXLLIEVElCsVtjolVTZYkhgEAHFahAuA0tAAqcioFidirz5SkACgwgoVoNwGVgCEjiWwNj4itVYcsaTgAQWJaBYLYrbzCQggbEEFKux5IwnAQksSkCxWhT39JmZogTWQkCxWktLW08JNE5AsWq8AS2+BNZCQLFaS0tbz/MisMLaKFYrbHSrLIEWCShWLbaaZZbACgkoVitsdKssgRYJKFa0miYBCVRPQLGqvoksoAQkAAHFCgqaBCRQPQHFqvomsoDzETDllggoVi21lmWVwIoJKFYrbnyrLoGWCChWLbWWZZXAiglMKFYrpmjVJSCB2QkoVrMjNgMJSGAKAorVFBRNQwISmJ2AYjU74rPPwApKYBECitUimM1EAhI4loBidSxB40tAAosQUKwWwWwmEjg/AkvXSLFamrj5SUACowgoVqOwGUkCEliagGK1NHHzk4AERhFQrEZhmz6SKUpAAvsJKFb7+XhWAhKohIBiVUlDWAwJSGA/AcVqPx/PSmBeAqbem4Bi1RuVASUggVMSUKxOSd+8JSCB3gQUq96oDCgBCZySwHmJ1SlJmrcEJDArAcVqVrwmLgEJTEVAsZqKpOlIQAKzElCsZsVr4ssQMJc1EKhNrO4Y6Fg8nQQkIIHrBGoTqzulaFg8nQQkIIHrBGoTq3dJ0bB4OglIQALXCewQq+sn3ZOABCRQCwHFqpaWsBwSkMBeArWJ1dtTWiyeTgISkMB1ArWJFfNV2PUSurcUAfORQNUEahOrqWHdOQneNaaTgAQaJ3DOYkUP7bZpn5+P3Semk4AEGiZwzmLF3Nfturb55vg3j+kkIIEtAq18PGexog3uks09Yrg7sNEkIIE2CdQmVvSGsClp3j6JvTp2m5i9q0DQSaBFArWJFfNM2JQsEaq7J8GbxOxdBYJOAi0SqE2s5mJ4tySMaM3eu0o+OglIYAYCNYnVe89Qv5IkQlV6V/cuB/UlIIF2CNQkVp/dYXt650/t0bsizc/M5qYxnQQk0BCBmsTqczpuD+j8qT16V8/rEnWivQOhNxEBk5mdQI1i9dgZa/3ELu2P63w9CUigEQI1idWXd8zmFKtndXl8bOfrSUACjRCoSaw+IszeFntKbC73zC5he1YdCD0JtEKgJrGCGeV56wV785g9q3m4mqoEZieAOMyeSc8Mpl4Muivb0rMqk/m7wnhMAhKokEBNYrUEnud2mbx//I+K6SQggUYIrE2smBN7UNc2P9j5etUQsCASuJrA2sQKEr/BJoZYrbH+qbpOAu0RWOPF+uA0E8PBD41/y5hOAhJogEBNYsWrYbAlsP1Flwm9q25XTwISOBGBXtnWJFbcDcR6FfzIQH+Z+Mxf3Tr+B8Z0EpBA5QRqEqslUb08md0v9u6x74/pJCCBygmsVaxolnuxif1QTCcBCVROoCaxYr4KOxYZP7113yTytbF97r9zkh7Wx8f/0ti5OOshgbMkUJNYMV+FjQX9Hon4PzF+euub4v9VbJ9jzuqeXQAn2jsQehKolUBNYnUMo49O5EfEbhXD/XU2PxA75P68C/Dt8d8nppOABColcA5ixW8CPj58ed7vDfF/KoZQ0cvK7l7HequHJMR7xr4rppNAswTOveAtixXDvgemge4Tu1mM92B9avw/iQ1xTrQPoWVYCZyIQKti9QXh9aTYV8Zwf5jNF8eeExvq/j0ReOXx58Vnsj3eYHfHxPjH2J1iTO4zyZ9dXUfgT+OXH5vNrk4Cwwm0Jlb0pu6faj4yhrBwN++Xs/+zsTfHxrg3JdI/xXA/yWaE/VrifGcMn8l9Jvm5QHNIFwI/FvvR2CfEdBIYRaAlsSqT6LdITblryPCN1xP/bj4f68pdwe9NQiwUvYg/xBWOv55ITO7Hu+ACpZzsr90Kh39YOwjrP55AucjGpzB9TF5vvJ3q9iQ6wy4WczJ82w475vPjEokfk3i/+N8SG+sYBjK5T3wu0CnWjZHWqQ3e2LHl+Nwk4I2MQNANJ1CTWD26K/63dn7x/jM725Pov5ljU7vycPNvDUx4V08MkcIGJnUpOALBXNhTc+ZpMcSQu5x/k33uYMZbxDG8xabIDM70iKdIyzRWRKAmsfrjjvuPdD7ez2XzDTHcMZPoxD9kiAJhPiabXQKUwzvdB3VHX9X5ePSqMPaPMcSJubBPSiKfGEMwWEvGcJVXNLM+LIdnd3xPsLEZIdzYfyUBfnkbf0mxTbY9ncGqJXDMF3DqStGDIk0mzvGZoL5bdlg79Uvxj5lET/SDDrF5RRfqQzq/j/fBXaAXdP6U3i7B46LnrueHJ6N/jrEYljVm2Z3NkSc2NgPqgX1PEmBt2yfHZ31bPJ0E+hGoSaxe2xWZMvHFZoKaC+RrcvzOsSUcIkA+H8amp5We1cs2wlNubOPQqF3SwEpkhoD0thhG/XAOviT2RbHHxJi85oWC2Z3c0R7Y2ISpA/aaJFDmBD8/+9w5jaeTwGECCMPhUMuH4IvNxYE9bMHsX9TlNUasXtrFxaPcGPvHGGlg8MC+LonxWubyXCO/f/h7OfaWGBPX9FrKMowcmsyRNzY2QeqAEZ+bGQgr+/Se35cdTQKHCMwrVodyv/o8X+xycfCFvjrktGde2CU3pIeyq2fVJTOZBw9sO0F6o7fLQea0/iM+69C+Iz5D6ilFgLyxJD2JY17y+UmJ4fbQGxqJplsjgVrFivkY5qkQLBYTTnmh7GvnMT2rMme1xDDwqrI/OydY3sFi1OxecFOCuvwdHyow2hErRXljdlh6Eu/ip7OZe84tWehaJ1CbWG0uX7hL4PJQMl/mzS96Ds/mjulZzTkMpMJPZ3PA7p7z3CF8eHx6Vt8d/+9jp3b8s8E2y/H/+cCjThxnKcZN8lkngSsJ1CZWZfkCd/4oNENAjP0lrIjVmDmrzZ7VHGV9QM9E/zXheJkgQ63sXtwmm4UFKzn2cz+TYK+L8QA6+9nVSWA3gdrEirkWSvqR2XDHK96ijqETGQ4Rq13DQNKYwjZ7lLxVYkia/CjG93URECzWrHUfF/eoB7ad8YtzgDm3eBfMXTH8Z1+TwCUCtYkVE8blTtG/XSrt8ANcpOWC7RO79Kxu3idwF6ZMsJdhYBHZXRdnF6W3xxCpBB4qVsT722yoP2vVWLN2qh4W9cBSnEvuz3LkUbH3iv1fTCeBnQRqEysKyRwV/mdls+s5wRzu5bg4fj8hebC470VaBIe3ht40cfu4cuewDAO5+IjHgk38KYylCU8emRCCxVo1oiPep+xhUYZtQ9RZM8bxT8nm62O6NgnMWuoaxYqV5LwChopvPyfIsb7GRcACRHwu0j5zX6xfKivR+/auEDbyKKvfvyoF5PPY180k+iVHr4qyXTrR8wBr1WroYV1VXN5NxoJXzjNv2fcfBeG1lRCoUaxAX3on5VY8x8YYF2n5XUBWxNPbOpQOr0gmDAsu8Q8ZaWIIFENA9omD6OJPYYjVsemUHhblRLxZ9f6gJMozkcVYHV9s81iCXXOcO/SrQdcCbm3IE9s6fMNH7mLyfjJ6079ywxk/SCAEahWrMtHOFxdLUUc7LlIiIyKHLhjCPYtNDOGJN8hxC54IUw4BSW8KsSKdTfHmdS1fkYM8KF2MB6WLbR5LsGuOc4d+NehawK0N7LGtwzd8ZL6y/HNi0v3Ydr8hcT+0T6BWseKLy6QrhI8ZChJ/qPE2A+L07VkRFqNH9iXZQRCnGAImqXe6qcSKBBFvysew68E5wOM5xXh5YLHNYwl2zf12tuV9Xdmd3HFzBUFlGPi/k6dugk0TqFWsgFp++IELi89L2die1WekgAgVC1mnHAIm2YunsJnQmL/jOUPeYc8zhcUY5hXbPPaMLu/7xUfk4s3mfrxLmcl2VuV3H/XWTqBmsSpDQSa6j72DhYhgfdq79KwYJh0Kvzm0obwIFUJwKN7Q828dGmHi8GVBah8mu7KGPbbr3PYx7nreuzvIWrEP6Pb1Vk6gZrFiKHjbtM/rY8euEUJUsCR10PHmAgLximOGI+xfZZsXIK87mUOorsp7yeNlGDr2GT7YY33LzHwZooVQ0ZvrG+8swlmJ3QRqFitKjEjdkp0Yd7DG9LDKGiuEpc8FwxKBocsXUryzdkWsvnqhWrKujPYmuy/MprRhdnVrJVC7WNEuTLiOXSPEl5wvPUJV3uJAmoeMyXLC9JlkJ22M8Odq9HKoI690WerntJ4QmD8Rw9GGZWjIZ22FBFoQK5qFO1iswuaC4Yu7uUaICeGyJgiftUMYYQhLHNZa8RYH0upjQybZ6a1hfdI9FAZBLQ8gHwq75HnmzHgSgDzvwGaAlYfSaYehnFhvxz8qsmOB71JCSX5aZQRaESuw0cNCdNhnoresEWLtD3McxTiOEebtCUwcxC67vV2ZZO/Ts+qd6IGArOviYV7eBHog6ElO/0Jy5Q0JvNyPsubjQccNB15bw/urfjGhEax4gxxtd88uxlCh7KLpnQOBlsQK3nxxWcrA7fOyRoh1QWVNED7HMcJwsRCHuENsSM9qSLpXheXdU/+Sk+8Wu0esRsdyDH5hiO9Mn0WvsP+jVASBu0V8ntOMN8rR4+T97fSuRyVgpPYJ8MVrrRbccdtcI8QwsKwJwmftEEYYwo6pX+lZfVqPyPQWsB5BrwW5a7b3jTFkxbjbxYQ+d9pIh55ITlfpGEpTRnqt+4Zkm0KFwPALPMdU6JWJfOsYz13G062RQItitUQ7sXyBi7K8/mVfnszDYPvClHPczeSREpY5lGErz9rdLAG4oHn7AD2YfKzSIRqsMqdwZQ6L/WK8B4x3wZce1RRCVdJ+aHb41ex4PZxBzo6AYrW7SVm+gABhu0MMO8pFzKJRlmIwf8OFzpAVY5iKgPGozr2GJXuS0EyYI+T8BBhDbXqHCMlTUxp6iN8Yn/O3io8Ax9NJ4HgCitVxDBEzLkxS4e4jFy7DUnyMFwiWi5gfcSAsa5V4vo4hK8bdrquGftw8wEi/FqN3Vd45hiDRQ/yyFI5f2GGuj8lweovcEMlhnQSmIaBYHeb46Qly+xg9ing3OMSHyV8OMo/DhYu44GPflhPHXMTcGcSSTFWOOFFFOAAAA4RJREFU5za50cHNAHqHD0zpGOJy95ShrG/8DBDdtAT6idW0ebaSGhchZaXH9DvZ+dXYLsekMxcuQyLibN6dZH7nXC9ibl7w0DG9Qya+/2AXHI9JYCoCitXVJBEgek78cOj9E4zhW7ydjguXu49cuAwD8TF+CsuLeCcyD0pgGAHF6mpe3JWjV8QqeISqPIJzdQzPSEACsxFQrPajZREkE+X7Q53tWSsmgXoIKFb1tIUlkYAE9hBQrPbA8ZQEJFAPAcWqnrawJBKohUCV5VCsqmwWCyUBCWwTUKy2ifhZAhKokoBiVWWzWCgJSGCbgGK1TWT6z6YoAQlMQECxmgCiSUhAAvMTUKzmZ2wOEpDABAQUqwkgmoQEdhHw2LQEFKtpeZqaBCQwEwHFaiawJisBCUxLQLGalqepSUACMxFoRqxmqr/JSkACjRBQrBppKIspgbUTUKzW/g2w/hJohIBi1UhDrbaYVlwCHQHFqgOhJwEJ1E1Asaq7fSydBCTQEVCsOhB6EpBATQQul0WxuszEIxKQQIUEFKsKG8UiSUAClwkoVpeZeEQCEqiQgGJVYaNMXyRTlED7BBSr9tvQGkhgFQQUq1U0s5WUQPsEFKv229AaSOAqAmd1XLE6q+a0MhI4XwKK1fm2rTWTwFkRUKzOqjmtjATOl4Bi1b9tDSkBCZyQgGJ1QvhmLQEJ9CegWPVnZUgJSOCEBBSrE8I36zYIWMo6CChWdbSDpZCABA4QUKwOAPK0BCRQBwHFqo52sBQSkMABAouL1YHyeFoCEpDATgKK1U4sHpSABGojoFjV1iKWRwIS2ElAsdqJxYOTEzBBCRxJQLE6EqDRJSCBZQgoVstwNhcJSOBIAorVkQCNLgEJ7CMw3TnFajqWpiQBCcxIQLGaEa5JS0AC0xFQrKZjaUoSkMCMBBSrGeFOn7QpSmC9BBSr9ba9NZdAUwQUq6aay8JKYL0EFKv1tr01b4eAJQ0BxSoQdBKQQP0EFKv628gSSkACIaBYBYJOAhKon8Aaxar+VrGEEpDAJQKK1SUkHpCABGokoFjV2CqWSQISuERAsbqExAPnSsB6tU1AsWq7/Sy9BFZDQLFaTVNbUQm0TUCxarv9LL0EVkNgtFithpAVlYAEqiCgWFXRDBZCAhI4RECxOkTI8xKQQBUEFKsqmqGhQlhUCZyIgGJ1IvBmKwEJDCPwDgAAAP//gGyCuAAAAAZJREFUAwCxmhmvPkFo1gAAAABJRU5ErkJggg==",
    "groups": [],
    "user_permissions": []
  }
},
{
  "model": "users.customuser",
  "fields": {
    "password": "pbkdf2_sha256$1000000$LOu5CDesYAPISrlZv8teQP$dAaOi8GJ52e9fkfh4D5c2hJP929yztozthYf4DkjANc=",
    "last_login": "2026-02-18T20:28:00.068Z",
    "is_superuser": false,
    "username": "ana.gonzalez.55",
    "first_name": "Ana",
    "last_name": "Gonzalez",
    "is_staff": false,
    "is_active": true,
    "date_joined": "2026-02-18T18:09:27.826Z",
    "email": "ana.gonzalez.55@plastitec.com",
    "document_number": "12630456",
    "role": 2,
    "updated_at": "2026-02-18T20:28:35.371Z",
    "digital_signature": "data:image/png;base64,iVBORw0KGgoAAAANSUhEUgAAASsAAADICAYAAACwA8csAAAQAElEQVR4Aeydeew3xxzHf4i4Q1AULXXVEdStpUFQV6IEpVSUOCpBStQVWkekxNGIUhJRRdEiiroFoSjqvpISR4p/KOJoGur4vJ/M5+k+399+d2ePme/Md19P5vOd2dm59jW/552d2dnZK+7wDwIQgEAFBBCrCjqJJkIAAjs7iBV/BRCAQBUEEKsqumn+RlIiBGojgFjV1mO0FwILJYBYLbTjuWwI1EYAsaqtx2gvBKYQqDgvYlVx59F0CCyJAGK1pN7mWiFQMQHEquLOo+kQWBIBxGpKb5MXAhDIRgCxyoaaiiAAgSkEEKsp9MgLAQhkI4BYZUNNRdtDgCvZBAHEahPUqRMCEBhMALEajIwMEIDAJgggVpugTp0QgMBgAgWI1eA2kwECEFggAcRqgZ3OJUOgRgKIVY29RpshsEACiNUCO72QS6YZEBhEALEahIvEEIDApgggVpsiT70QgMAgAojVIFwkhgAEphIYmx+xGkuOfBCAQFYCiFVW3FQGAQiMJYBYjSVHPghAICsBxCor7vkro0QILIUAYrWUnuY6IVA5AcSq8g6k+RBYCgHEaik9zXVuF4EFXg1itcBO55IhUCMBxKrGXqPNEFggAcRqgZ3OJUOgRgKIlXoNgwAEiieAWBXfRTQQAhAQAcRKFDAIQKB4AohV8V1EA9MRoOSaCCBWNfUWbYXAggkgVgvufC4dAjURQKxq6i3aCoEFE5hRrBZMkUuHAASSE0CskiOmAghAYA4CiNUcFCkDAhBITgCxSo546yvgAiGQhQBilQXz1lTycLsSmXk4COQlgFjl5V17bWfZBZxphoNAdgKIVXbk1VZ4TWu57Nrm4yCwkxsBYpWbeL31HR6afnHw8SCQlQBilRV31ZXdP7T++uYfbIaDQFYCiFVW3FVX9qRG609vhAlCIAsBxCoL5v5KCk9xdWvfTcz+F+xQ899nhoNANgKIVTbU0RWdZik/bFaSu2tozI/Nf66Z3DH2c7wZDgJZCCBWWTBHV3KupTzO7LFmB5j1uRMtwVfMUg/L7mZ1yH3Nft5mdqzZJWanmJ1jhoNAcgKIVXLE0RVoqPWIRmoJVuOwNXiSxd7PTOKhZQUWTOJcrL4bSj/D/IeYyR1pPweZ4cYQIE80AcQqGlXyhD7UuijUdFTwu7xm/923K+HEcy5MLlYq7jz7+aSZ3DP0g0EgJYHmH3vKeii7n4DfvXzGkv7L7N5mNzKLdb60IDZ9bDrdsd3AEmty/afmN93rwoHE6sohjAeBJAQQqyRYRxXqYnW+5f68mdzR+ukwCYhMSZ6gnwTmi0G/aWX/x6zpvmEHvzDT2qtHmo+DQDIC2yVWyTBlKfihoRYNtc4O4RcEf513BTshk2DdzMIpFmv6HZsP+ayafdyp4ejk4ONBIAkBxCoJ1sGFXtVy7Gcm0dFQy5+w3dTiYoaC/jQwxZKHJ1ob5PTUUf6qvTdE3Np8PSQwDweB+QkgVvMzHVPiLUOm35qvodbfzdeaJvN2jtDPGpO4yV4Yzt/R/Bhxs2RRTvNVEsz/WuoLzNrcXy3yR2Zy99QPBoEUBBCrFFSHl6m7EuX6iX6C+VCwS6w0BJT9xfK4YHSlt2SDnM9XaR7tso6ceiig03ooID+zUd0SCCBWZfTyrUIzfhl8eV/Qj9mDzWKcDwHnFKu++SpvlybfFdZrOPIxCMxOALGaHemoAv3OSk/WvIBvW0BDLC0bOMTCbU5DQJnODRU35ekzF6t181We/+shcFjw8SAwOwHEanakowpsu7OSCH0xlLbu7kpDQJmSxYib0sWa5qvubon/YbZuvspO7XF/st9fmWkJg8+/2SEOAvMRaBGr+QqnpGgCvsaqeWelzL7eKmZoFyNuKjPWNF+lvw/dNXXNV3l5DAWdBH4SAvpjTFIwhUYTuIal1FbBEhs9DbTDve6zISThuEoINz3lkXncEHHzPOv82CGg50esnAR+EgKIVRKsgwr1J2g/tFxaImDeXqf3BC+0IwmVi4cd7nUaAso8ok/cPF2M75vt9c1XeVkuVqxkdyL4sxJArGbFOaqw+4Rc61aI+8R5zFCwT9xCVa1eM/LGduCb7fXNV1nSPU5iq7s8rcu67Z4YfiAwIwHEakaYI4tysdLcUFsRPrTzO522NM24IeLWzNcM+7cB9epPzHyV8moxq/a6Uvj1+sEgMCcBxGpOmsPLEn+tTdLwTy8Ft5XwpRB5Q/NjXmdxcfPXZCzbYPewkMPXboXDXu8ES/F7Mw0FWcZgIHDzEdB/lvlKo6ShBO5kGa5lppXresXGgruclg7ofUGd0FIC+V3m4qbXbvRyc1fatnNXskh/qfrTFh7iLrXErzCTe6t+sPIJ1NJCxGqzPdU3BPTWfS4E7hX8Lk/ipu2HlUb7pMsfYnryqDu431kmiah5g5x2EVU+bSYYs9vpoMJJvFwCiNVm+z5WrL4VmrkqVprQloXTe703htDTgj/E8yGgv+83JK/Sakj7IgXM3mCmOzXzcBCYRgCxmsZvau6pYqVlC7LVdnzKIvSqzi3Mv4fZEPeUkHisWCm78moO7uZ2oA9gmIeDwDQCiNU0frtyD4jQ8oADLf0fzH5j1uW0WFSvtGhZgF5p6Uqrc3oy934FzJ5sFus0/NNEvtL7RL3CY8w/2fVqy6yFr+bhIDCeAGI1nt3UnJobUhnrlizoXNN0p6Lj2A9D+EdIJVaxQzHNM6mOn9vPP82muO9Z5g+aXdfsxWY4CEwigFhNwteZWfM1b+5IETsE9CL0orLCq/NWimszpdfLxdexk75uyoKdzt9R9CeKnYkjTr7M0vzbTEsatHuEBXEQGEcAsRrHrS+X5pG0f/rzLeHHzdqcPymLvbNaN8neVrbH+XbHurvyuC7fxUqLQbvSxZ7T8FYLRbVts+bRYvPVl44WJyeAWKVBrCd0PvTRAkltt9KsSXND+1uE0n3f/BinOyWl07uE3m/KL1N8m7lYPcpOrrbBona5tu8D7ko0MEJzVsqiNWKap1MYg8BgAv5HPzgjGXoJaPnAunkmnxvSPuuaDO8tzBL8zUxzSVcz//ZmcrqDkyncZlpNrjVX+qZf36e6JGYaqkn8fBFqW5lD47TlsguyL4sYWgbpIbCDWKX9Izg3FL+6Y4IPtyQkIUmUN2Yo6BPtL++pwSf8tXtCrID2FLn39FkhhFgFEHjDCZQpVsOvo9Qcvr2KhmHNNrpYDZ0bcrEa8hWZD4WK9eqNtpoJh7s8F9R1uz/syjAgwl/bkVjFPpkcUDxJl0AAsUrby9+x4rWi+zbmN91UsdI8WLO8rrDeOdSrM0rTteXw0Upg5gJrwdmchrt/tNI0Vxe79MKS4yBwOQHE6nIWKULaXkWMm/NKmnPSfk96pK936IbUq89taU5JLylrv6nYvNprSmn9wxQKN+0gOzjATGXH7l9lyQc5fyqqu6tBGUkMARHQfyT5WD4CmlwXdw0Bddc1pGbNJflQ8EjLKHGRWbDT+Se+/MMUq4mfGSI0xyaBDYezenoFRwV2iJVOYxBoJ6D/NO1niE1FQI/wVbbESv5Q89doNBTUHZusrwz/EEXbnZWeFD49FHBy8FN42nJZYqttcfZLUQFlbjcBxCp//46dr/KWfiwEHhT8GK/rzkp3aHrfUIKmJ4Ex5Y1Jc4llOs9MTkIrH4NANAHEKhrVbAmnipVefNZ7d0OeqkmIdAF+V6ew22tDIMdmeQwFA2y8fQhEHSBWUZhmSzRlcr3ZCJ+sVlzMnJVee1FaffJLr74oLDvYfvSkUmX4eqwTLe7LZmcGa4Y9Tv4rw3mFZavp/LzH6/1EljAYNNw4AojVOG5jc02ZXG/W+YnGQcyclSbyXbBu18grYdKhxEb7Xyl8kv1ozZX2cJc1wzp2UzoPy19N5+c9/t1WLksYDAJuHAHEahy3Ibl01yJTHh+GjZ1cVxmyH9iPhoPmRbvzQ0p/VUdPBvUKjrZB9r2nlORV9qO1Vh8wX9YM69hN6TwsfzWdn/d437XU7wp5KmiAcfEEEKt4VmNT6s5HpvxT56tUhttHPbDirzv8WThxh+B/xHz1/1vM97sqC+7oxeMHWECf/pI1wzp20zDPw/JX0/l5j/choM9b+Y6kVhUOAv0E9Mfan4oUcxHwr8ZMvbNSe/wOReEY85eTJVZaBHpny6Q7vjeZn9P5DqRa2NqcP8vZBuqqkABila/TtEJc64skEC4cU2rX8MrzS3g8vM73OrXpny8C1don7YqwLk+KeA07fx0Kbs6fhSg8CLQTQKzauaSIPSoU+lXztTjSvEmuWUbMuiVfa3U9q9XF6jUW3oTzVfg+f7aJNmxdndt+QYhVvh4+PlT1Z/P19E2meZ2mKU7mcQrL/Fi+jt2sqD3upfarpQHmrXUSN9/AT/uia+1VykWgaxtiJ1bnzywKB4FuAohVN585zmrYJ9OXaVTeo+1Hj/plerzfNMXJPE5hmR/L17GbFbXHaf2WlgbsOej4ObVxLsci0EZ1+wR9SKr5s31OcACBdQQQq3Vk5ovXk0CZStTOnf5IX4/7FW6a4mQep7DMj+Xr2E3zVpoDUtmn6KfHzmmc90WgjahsQRcrzZ9lq5SK6iaAWK3pv0TRL7FyNZTTo36Zwk1TnMzjFJb5sXwdu2lZgD7IYMXuuCAqvM60t5Wfay5X8LhcfnP+TA8ectVLPRUTQKzydZ72rxq63CCmdT7vdGhM4kLSNOfP/Cs/hTSNZpRKALHK1zNaJtC8s5mrZv+U12FzFZipHJ8/0+fKMlVJNTUTQKzy9d7ZiarSZ+X1MVNt89K1bXGi6kcX6/NnGgbKRhc0a0YKK5YAYpW2aw5sFJ9iCOjF1zgU1F2mr7diKOg9ib+WAGK1Fs0sJ57VKEX/ORuHswaHiJWWP8hmbcDIwvzhgC9SHVkM2ZZAALFK28v+n9A/dpqqNhcrreHqq0MvKsv60uU470NB7amVoz7qqJhAWrGqGMwMTT/cytA8knk7j9dPQtPXa7TwdH+rQ5+7Mq8Kp7vNS62lMvNwEFhPALFaz2bqmXeFAi4037/bZ8EkTksBfKHlIUlqSFfoY6zox5nhINBJALHqxDPppA9tcm3Bohek1WDf4E/hGkz7XMlqaCtt3CABxCoNfH1uykvWqzEeTun7Hlm+wV/KunrK5jQE5ieAWM3PVCW+Rz9mF5v5u3sWTOKOsVKPNXOxOsLCOAhsHQHEKk2X3iUU66u0w+Hsnt4H1DDzdCv5BDNNsmsHTu2vboc4CGwPAcQqbV/qFZuUNUicNEEtXy83XxQqOy34eBDISSBpXYhVUrw7F6Qtfk/p59nvU80kWL5i/oF2jIPAVhFArNJ053FWrD5vdZn5OdwZVslzzN5hpvDzzMdBYKsIIFZpuvOdVmzq+SqrYh/3djt6tpkm23PXbdXiIJCWAGKVlu+U0skLAQg0CCBWDRgEIQCBcgkgVuX2DS2DAAQaBBCrBgyCECiBAG1oJ4BYtXMhx20pJQAAA29JREFUFgIQKIwAYlVYh9AcCECgnQBi1c6FWAhAoDACWy9WhfGmORCAwEgCiNVIcGSDAATyEkCs8vKmNghAYCQBxGokOLIVToDmbR0BxGrrupQLgsB2EkCstrNfuSoIbB0BxGrrupQLgsB2EogTq+28dq4KAhCoiABiVVFn0VQILJkAYrXk3ufaIVARAcSqos7K31RqhEA5BBCrcvqClkAAAh0EEKsOOJyCAATKIYBYldMXtAQCpRAosh2IVZHdQqMgAIFVAojVKhGOIQCBIgkgVkV2C42CAARWCSBWq0TmP6ZECEBgBgKI1QwQKQICEEhPALFKz5gaIACBGQggVjNApAgItBEgbl4CiNW8PCkNAhBIRACxSgSWYiEAgXkJIFbz8qQ0CEAgEYFqxCrR9VMsBCBQCQHEqpKOopkQWDoBxGrpfwFcPwQqIYBYVdJRi20mFw6BQACxCiDwIACBsgkgVmX3D62DAAQCAcQqgMCDAARKIrC7LYjVbibEQAACBRJArArsFJoEAQjsJoBY7WZCDAQgUCABxKrATpm/SZQIgfoJIFb19yFXAIFFEECsFtHNXCQE6ieAWNXfh1wBBNYR2Kp4xGqrupOLgcD2EkCstrdvuTIIbBUBxGqrupOLgcD2EkCs4vuWlBCAwAYJIFYbhE/VEIBAPAHEKp4VKSEAgQ0SQKw2CJ+q6yBAK8sggFiV0Q+0AgIQ6CGAWPUA4jQEIFAGAcSqjH6gFRCAQA+B7GLV0x5OQwACEGglgFi1YiESAhAojQBiVVqP0B4IQKCVAGLVioXI2QlQIAQmEkCsJgIkOwQgkIcAYpWHM7VAAAITCSBWEwGSHQIQ6CIw3znEaj6WlAQBCCQkgFglhEvREIDAfAQQq/lYUhIEIJCQAGKVEO78RVMiBJZLALFabt9z5RCoigBiVVV30VgILJcAYrXcvufK6yFAS40AYmUQcBCAQPkEEKvy+4gWQgACRgCxMgg4CECgfAJLFKvye4UWQgACuwggVruQEAEBCJRIALEqsVdoEwQgsIsAYrULCRHbSoDrqpsAYlV3/9F6CCyGAGK1mK7mQiFQNwHEqu7+o/UQWAyB0WK1GEJcKAQgUAQBxKqIbqAREIBAHwHEqo8Q5yEAgSIIIFZFdENFjaCpENgQAcRqQ+CpFgIQGEbg/wAAAP//dlFEbQAAAAZJREFUAwA5+fOgaBOFjAAAAABJRU5ErkJggg==",
    "groups": [],
    "user_permissions": []
  }
},
{
  "model": "users.customuser",
  "fields": {
    "password": "pbkdf2_sha256$1000000$sndpcDGDMlfacBIKfd5fkW$M3RjfOTocNcf3u2PpWW9qM7B8ceByfgnFqYTJCaPDO4=",
    "last_login": null,
    "is_superuser": false,
    "username": "carlos.rodriguez.53",
    "first_name": "Carlos",
    "last_name": "Rodriguez",
    "is_staff": false,
    "is_active": true,
    "date_joined": "2026-02-18T18:09:28.751Z",
    "email": "carlos.rodriguez.53@plastitec.com",
    "document_number": "21523182",
    "role": 3,
    "updated_at": "2026-02-18T18:09:29.667Z",
    "digital_signature": null,
    "groups": [],
    "user_permissions": []
  }
},
{
  "model": "users.customuser",
  "fields": {
    "password": "pbkdf2_sha256$1000000$twVa6tduaCexhqCPvcs4uO$aKxiyZLv95SL2bTDIeHPmAjKGIlXhH+BJg7OmgynfzU=",
    "last_login": "2026-02-18T21:15:17.743Z",
    "is_superuser": false,
    "username": "andres.ramirez.63",
    "first_name": "Andres",
    "last_name": "Ramirez",
    "is_staff": false,
    "is_active": true,
    "date_joined": "2026-02-18T18:09:29.679Z",
    "email": "andres.ramirez.63@plastitec.com",
    "document_number": "25293171",
    "role": 2,
    "updated_at": "2026-02-18T21:29:42.980Z",
    "digital_signature": "data:image/png;base64,iVBORw0KGgoAAAANSUhEUgAAASsAAADICAYAAACwA8csAAAQAElEQVR4AeydB8wET1mHz27UGFvU2AtK1EQUGyq22EBj7yKKJdhrLNEYW9RoFBW7ghIL2LDG3gv2rqCxBEiABBI6BAj9fb7/vn+W+/budm9372Zmny/z3szO7rRnvv3d7Ozs3ivu/JOABCRQAQHFqoJOsooSkMBup1j5XyABCVRBQLGqopuWr6Q5SqA2AopVbT1mfSWwUQKK1UY73mZLoDYCilVtPWZ9JTCHQMVpFauKO8+qS2BLBBSrLfW2bZVAxQQUq4o7z6pLYEsEFKs5vW1aCUjgYgQUq4uhtiAJSGAOAcVqDj3TSkACFyOgWF0MtQW1Q8CWXIOAYnUN6pYpAQlMJqBYTUZmAglI4BoEFKtrULdMCUhgMoECxGpynU0gAQlskIBitcFOt8kSqJGAYlVjr1lnCWyQgGK1wU4vpMlWQwKTCChWk3B5sAQkcC0CitW1yFuuBCQwiYBiNQmXB0tAAnMJnJtesTqXnOkkIIGLElCsLorbwiQggXMJKFbnkjOdBCRwUQKK1UVxL1+YOUpgKwQUq630tO2UQOUEFKvKO9DqS2ArBBSrrfS07WyLwAZbo1htsNNtsgRqJKBY1dhr1lkCGySgWG2w022yBGokoFjRa5oEJFA8AcWq+C6yghKQAAQUKyhoEpBA8QQUq+K7yAquR8CcayKgWNXUW9ZVAhsmoFhtuPNtugRqIqBY1dRb1lUCGyawoFhtmKJNl4AEViegWK2O2AIkIIElCChWS1A0DwlIYHUCitXqiJsvwAZK4CIEFKuLYLYQCUhgLgHFai5B00tAAhchoFhdBLOFSKA9Apdu0RbF6qEB+SFhOglIoCICWxOru0bffHrY/cJ+M0wnAQlUQmBrYvWwXr98dIRfK0wnAQlUQGBLYsWo6u7RJy8J+4cw3D35KMGsgwQkcJzAlsTqmzoUPxf+b4ThPpAPTQISKJ/AVsTqLtEVnxr27LAvD/vzMBzzV/iaBCRQOIGtiNXDox9o6wPDf3rYP4ZxOfjm4b9GmE4C1yFgqaMJcAKPPrjSA5lEv1vUHXF6QPi4F8bHo8Jw78KHJgEJlE1gC2L1fl0XMKn+tC6M95d8hL17mE4CEiicwBbEKifRc1I9u+Sfu8C7dX6tHjcOsFrrb70lMIpAW2I13OT7dNE5qd5t7lKs7pURlfrfEvXGwtNJoF0CrYsVE+hvGt3HfNU/hd93j4wN4t8wfI4Lr0r3ClFrLDydBNol0LpYfXLXdcxPManebd54L4rPR4ThPpGPys27mpV3oNU/TqB1sWJNFQQezMeAPaiLS1HrNqv0NnxXs8r+stITCbQsVixZyMu7/cn1xET8C2LjHmFvFFazu3fNlbfuEjhFoGWxyiULzFWxcn2IxbMi8g/CcLWuZmdJRs31p+6aBE4SaFmscsnCr56g8Mvd/lovBb+qq//bhP+2YToJNElgQKyaaefHdC3hJD62Dqn2S8G/69qJ9+18aBJokUDLYvX20WEvDvvcsG8OO+RqvxTkribPOtI+RoeOriChNUegZbFi7RHtSzvWeXkp+BXHDip43693daOtv9KF9STQFAH+uZtq0EBjWPiJDey6M4pLQTbeIj64ixheVa6/Ov9do+ZvGTbVebwEiibQqljlkgXgM8LCCB8yLgXz8Zsa3x7KZSCXvNm+z8iAvgRaIdCqWH1S10F/3/ljvLxrmHcRx6Qp5RhW5/f78nNKqZj1kMBSBPr/4EvlWUI+TDRTjx/mY6TlpVSNYtVvIi8X5A7oe/QjDUvgEIFa4lsUK+ad3is64PlhU35ui0up50UaXhlT47xVVP3G/fzN5253387Xk0ATBFoUq3womZXpzEUxuY6d6jAupXjg+ZXjwBrnraLaN44fxCCAWL0SAU0CLRBoUazu33VMLkdgch3roo96LVwK8vjNo6OVrxP2EWE6CTRBoEWxeruuZ3I5Qrc5ykuxOvtu2qhS1jmI0SNG7g/hI4zRVXg6CdRPoEWxyjYdenj5WK8xb8UJzwv73vjYgQXuY/SIUbUUq4+NjZrn36L6OgncQSBP7Du2/GTe6t86DB/W+TV6T4hK/1XYq4Txe4nhNe94/vOh0UrsX8L/qTCFOiC04hSr2z35a11UzWJFE3Ki/evY2IDx/Cev+cFYxc9aM0SbOTyEbF0E5r46AcXqNuI/6qI+tPPHeN8XB/11GN/q/HhD2u9H3I+HXcP9YlfoXcJ/x7BSHaMfRkE8QfBnUUkY0gfEsS+iRrn8X35YHP17YeT32uGz3gwhi6CuZgLZwTW34VTdmYPCTh2X+/kmZmElPyQx5lXBjGC+MhK/Txjf6pwYaR8ecZ8flr+wE8GLOZZt/FhX2o92fmnej0SFGP0wCrp7hFmQC8MPiTBx7KM/poyMYM1dUH4Pkn5B+L418tNVTqA1scpv4r44MemMje0q0v5xd/Cp0RVCxZ1D0nBS8K3OiZHGNzxZ/WR8MMIJbzVHHbB+AbyD/v8j4gPCPjKsNPeFUSFGP4yCYMXdWBjCizj2MTJipBqHHnW0Hesf9AOxweX8t4Wvq5xAmWJ1PtR8lTETrOfnstv9YZeYf/QueMtjtJJC9dmxl2P5VufESuMbnlX0/PIM/qvHcWs5BBnr58/75RldEMeJW9IiUR42z/oyCoLVB0VFYcholLisex4Xuw86jsEOHuCOugm0JlZcRtAjD+djhjHXRHLE79UI7BknxRd0cQjVz3ThIe8zI/KxYcwbsUL+VSN8SffbUdhfhDGy+9LwS3H5/Gb/Taf7dUNg9+Pc3iiBVsWKy4k5Xfq4SPy/YQhVCmBs3unycgP/mFCR4Jnx8QlhOC5p/jMCPLsY3sXcF0VJvFGUy9PXjXAJLl90yLxVCfWxDoUTaEmsmK/i0oHFoPyizVz0zEGRB5d3+PvG6Arbjx/a5rL0S2LHU8N43fLfhp936yK4uvuvKOEnwpgDYm4ogld1XBa/WVeD3pMGXYyeBAYItCRWXLLRHpYQsLhzoLmTonLeijmUoYSMqrChfUNxjCB4dQu35BG5T4mDcnQRwdVd3lFjVMd80eoFHimAO3/s/u/44MslvMXctdu2WEPM6OUJcHK/fEwdW5x4rMdJY0L7e7uq82OlxBOHddE7wsRjhNPYxtjGZ60P9p67O/7Ij8vBO7Ze9ongYC+LOR16RhzyeWFfHfacsO8Py5f+RXBV95TIHSEPb5dvpiB8DeM1PJT7p3wcMe62spsvhVOsWeLAsdduG3XQViBQq1ghLKzHSWNdExPYIGJtFPHEYcRhhInHCKexjbGNzxwV9g2R6PFhuKV/MeYBkSlrsMLbfXx8MPkd3uqOS0EKycltwtewFCuWJxwqn1Fn3m392jgIwQrvoMsXLV67bQcr6I6DBEbtqFWssnGsycGYOCaOf+hfiEDGZXxE7QgTjxFOYxtjGz8n5/kmZyRE2nyTA+E0ysJye6r/iEiQq9spNzaPujeJvVxC/nv4jPwwwg+K7fcPG+OYH+KlhPeIg089qL1fHqNOjHIPGftZghDZH3Ws++KAIbFiXo16Mupk9Mnd1hw1k+aQkWZs2w7lYXzBBGoVK0ZWjISYT8LYBjMCw+go4zKefYSJxwinsY2xjc9an6+JBLw19K3Cxw2NfCgLY/+59vWREMHjLuFQGbF79x3xwQQ5q7lZ1f3Osc3IDyPMZSVLEyL6xnFp9bMRoj0YwoKgIT6sas+5uE+LY/YdNym49HpM7NgvD64Y5R4y9v90pD3lmFfiBy4e1TuQkTH1fFLE8QO1cGH0eepuaxx+40617eYgP+olUKtYsSIZG0Oef3pszLF5DN/kTEQ/sIsYGll1u2Z5PNaDsJDJN/IxYAjaO0Q8K9F5oSCLSxn9Yb8V8T8YxgLV8G4cYnvfCCHmGMKCoCE+iB4iEbt3ueCSMMZvDz4xAlx6IdL75TH6wyj3kLEfQY1sjjpEnv89+oVlHQgswkU9WbjKKOnjIgdGn+GNdvDh4C/jQ2uLAP8wbbXodms4MbDbe47H/EfsZhFneLuhUQ8nGsb+OcbcDKLFqG6onKw7gskdRN5RhSBhjEB4pOaLexUgP+amuKzFEFxOYsQH0fuo7lhGN7minl8DIt/XjH0s+0Ds9sujfhjlHjL2/27kMeR42Js3WjDay/2MoljAS36EEVdGgAgVopzHjfUROY5FbO9KQGuHwBbEak5v/V+XOCeEu80bDxHBbjZmfCBUCArvfs8Hj2dktyMvVtcjChjihcghPoymGMFxmUcZiNfrRSDnzrgM45I0f3Qids1yedcWAaNsRAhBykzfIAJ/E8Y7t1h3xWj5ybF9ruNSkDlL0ucLCAlrDRBoXaz4pp/TTTwmQ3reZ85CRsJpjKqw3J7j81gJeX3wQCbEYwO7JkdRzndGqvw9ReaJGO0gWLx0kJXusXsxhzAxj3XvyJE2ICCM9mLzxjEqfN8I/VLYEmvjIpsdo0zKeu/Y4NI2PF0LBFoWKy6peHqffjp3xML8zv+QQRhLIsK70zGqwu6MmBFgdEVe2H42xGH78XO2mbsi/TvFR95J/KwILyUYkdWNQ5iYx2Lkxgp+5rMY7d3sjA/m28Kb5O4XRzOvFt6ge1rE5jOQXNqyNCSi2nett7AlseLbFKPPmIthzoPREP6cEcOfkGEYj/KEV6yj7diYCjKZzXGIVQohc3TELWlc1jG65VUw/ZsA1BObWhYLaBmdfU8kzHpH8JbjaQEEkh1c2jJyJKxVTKAlseKfF6M7uLThEofLON56QNy5lmuBhuatzs3zWDomvvv7OamxftxQmLZjQ/v241KseGHg/r5LbFNPbEpZTJgzSoIFNwTwj6XnjuAj4wCE6nfC11VOoCWxyq7gJLhXt8Ftcd560G2e5aVYZZ6ZCScLlttz/UOPi9AebG7+/fTcGWSbCW78GozJeur54PgYs6SBd3nl5SKLYJmT445kJNfVSKBFsUJA8uTmbQdn9UsvEd/O5MlrjvujHsrAeofOCubjIvc/kAtzcAd2TY7mdTHMJU1OuHACRktjsqTt3DHkoWcevRmThmNY4Z9TAHeLCO5Isug1grraCLQoVm+9cCdwYuc3ef8hWQQMW6q4XCPEK2T6eaaopN/f1w9TF6wfdyzMRDVCfOyYtfZx94+8WWbAqnnCxwyB4X+VZRncjDh27P4+bq5whzD5Mtpibdf+cW4XToB/gMKrOLl6OTLJ96hPzmAgAZO0RGfehBlVYYSXMNYIkc9+n3CiIUKsf2KEwTFDRl2woX1Dcf3LJPaPHeVw7Fxjwp08+MksVtZzCcxzhcw17l+qsU6MyzgY8AA46aYak/us8UKgScv0wCXbS5naTAL7J8bM7IpIziMbVCTnOAjPtfxWXvsfnBMS69eXkUQ+ksMPlyKcLKPYFybSYf20p8JcJuUxjEAyvLbP8gL6iVfW8OAyQsx6LASFSzV+GZtnGvHzgWZEm3Rz6sZzhsx5kcfwwlf2aEUSaFGsmDRmxUVRSwAABkVJREFU5Tlv41wKeo56EIj+vNVS+Wc+5I8xyuBkxectBowuECLelMBJ/q+RgPdTsfqb4zDSYbFrkvuuOJq8eYYwghdzvEHinlEa4sRbWbnMZVlCRO1YJkJ98KkbDzQvJabMeZEnea/95UNbtIUItChWoPkhPhY2LlXIsj9vxfYaxiiDkxWftxgwuuKBZl6FzHN/OdJjlTbHYdSDkxB/ipEvb5jApqRb6lhW1fPqaNZjsWiUERSP5/CwND6LSXPOcIkyGZ3lqGopAVyiXuZxgkBLYpUnKj4TsieaPnn3/t06ysEmZ3QkAY+nMMLAOFnxOYFJ8t3xwWtdeO6Py6XXj23WEvFOdY7F+qvDY/dohwBjoxOseCDzS/zGIQ8347O9dHE85kPfpcgvnb/5rUBgXbFaocJHssxLIPx8ad6RwyfvytFM3q1DGLDJGR1JkCu+GWVwsuIzuhhKwsnGCJLLRI7FSD907Kk4ysBOHdfKfkZX/J9grbSp+Xa0Ilb9fzpenMeJPLfzEAHECGPuKB/fyLIQBmxuOaaXgARGEGhFrPrixIvzRjT95CHMFXFZhjF3hJEoxYqwJgEJXIhAK2K1Bi7minhrAMbcURritUZ5DeVpUySwPAHF6jBT5nC4BMSYO0rz0u8ws5r2MBrHaqrzpuvaklgx4sE23aE2fjQBLuex0Qk88LoEWhIrRjzYdYlaei0EGFVhtdS3hnquWseWxGpVUGbeHAFGVVhzDWu1QYpVqz1ru44R4PGl3K9gJYnCfcWq8A6yepMI5No41sXxvCQ+RhgjzI0THo5+buS81Jq8yEq3NgHFam3C5+dvyukEcm0ca+J4lAYfI4wRzl/a4XnEpdbkTa+pKSYTUKwmIzNBwQRybRxr4nhWEh8jjBHmSYSlH44uGEk7VVOs2ulLW7LbcYmX6+J4VvI+AQUjjBHmxX9rPBwdRenWJKBYrUnXvCVwBgGTDBNQrIa5GCsBCRRGQLEqrEOsjgQkMExAsRrmYqwEJFAYgebFqjDeVkcCEjiTgGJ1JjiTSUAClyWgWF2Wt6VJQAJnElCszgRnssIJWL3mCChWzXWpDZJAmwQUqzb71VZJoDkCilVzXWqDJNAmgXFi1WbbbZUEJFARAcWqos6yqhLYMgHFasu9b9slUBEBxaqizrp8VS1RAuUQUKzK6QtrIgEJHCGgWB2B4y4JSKAcAopVOX1hTSRQCoEi66FYFdktVkoCEtgnoFjtE3FbAhIokoBiVWS3WCkJSGCfgGK1T2T5bXOUgAQWIKBYLQDRLCQggfUJKFbrM7YECUhgAQKK1QIQzUICQwSMW5aAYrUsT3OTgARWIqBYrQTWbCUggWUJKFbL8jQ3CUhgJQLViNVK7TdbCUigEgKKVSUdZTUlsHUCitXW/wNsvwQqIaBYVdJRm62mDZdAR0Cx6kDoSUACZRNQrMruH2snAQl0BBSrDoSeBCRQEoHbdVGsbjMxRgISKJCAYlVgp1glCUjgNgHF6jYTYyQggQIJKFYFdsryVTJHCdRPQLGqvw9tgQQ2QUCx2kQ320gJ1E9Asaq/D22BBA4RaCpesWqqO22MBNoloFi127e2TAJNEVCsmupOGyOBdgkoVuP71iMlIIErElCsrgjfoiUggfEEFKvxrDxSAhK4IgHF6orwLboOAtayDAKKVRn9YC0kIIETBBSrE4DcLQEJlEFAsSqjH6yFBCRwgsDFxepEfdwtAQlIYJCAYjWIxUgJSKA0AopVaT1ifSQggUECitUgFiMXJ2CGEphJQLGaCdDkEpDAZQgoVpfhbCkSkMBMAorVTIAml4AEjhFYbp9itRxLc5KABFYkoFitCNesJSCB5QgoVsuxNCcJSGBFAorVinCXz9ocJbBdAorVdvvelkugKgKKVVXdZWUlsF0CitV2+96W10PAmgYBxSog6CQggfIJKFbl95E1lIAEgoBiFRB0EpBA+QS2KFbl94o1lIAEbhFQrG4hMUICEiiRgGJVYq9YJwlI4BYBxeoWEiNaJWC76iagWNXdf9ZeApshoFhtpqttqATqJqBY1d1/1l4CmyFwtlhthpANlYAEiiCgWBXRDVZCAhI4RUCxOkXI/RKQQBEEFKsiuqGiSlhVCVyJgGJ1JfAWKwEJTCPwUgAAAP//5HxPPAAAAAZJREFUAwAgHJ+vs9y26AAAAABJRU5ErkJggg==",
    "groups": [],
    "user_permissions": []
  }
},
{
  "model": "users.customuser",
  "fields": {
    "password": "pbkdf2_sha256$1000000$O6JAdBfu7U5WPtd9MP0ZG6$W6QtwGIC0moQ0sZ8IMicfEJX2Auutou2dtMsDDKDW7Y=",
    "last_login": null,
    "is_superuser": false,
    "username": "ana.rodriguez.22",
    "first_name": "Ana",
    "last_name": "Rodriguez",
    "is_staff": false,
    "is_active": true,
    "date_joined": "2026-02-18T18:09:30.606Z",
    "email": "ana.rodriguez.22@plastitec.com",
    "document_number": "31547734",
    "role": 4,
    "updated_at": "2026-02-18T18:17:07.224Z",
    "digital_signature": null,
    "groups": [],
    "user_permissions": []
  }
},
{
  "model": "users.customuser",
  "fields": {
    "password": "pbkdf2_sha256$1000000$ieUuIhJHapOQL3gkMO87a3$rCrXDPDhMUenJz8lrNJlnLh/DqFolx4ndgen7zdKUXY=",
    "last_login": null,
    "is_superuser": false,
    "username": "elena.castro.80",
    "first_name": "Elena",
    "last_name": "Castro",
    "is_staff": false,
    "is_active": true,
    "date_joined": "2026-02-18T18:09:31.532Z",
    "email": "elena.castro.80@plastitec.com",
    "document_number": "85832569",
    "role": 3,
    "updated_at": "2026-02-18T18:17:13.717Z",
    "digital_signature": null,
    "groups": [],
    "user_permissions": []
  }
},
{
  "model": "inspections.area",
  "pk": 1,
  "fields": {
    "name": "DIRECCION GENERAL",
    "is_active": true,
    "created_at": "2026-02-13T13:37:15.042Z",
    "updated_at": "2026-02-13T13:37:15.042Z"
  }
},
{
  "model": "inspections.area",
  "pk": 2,
  "fields": {
    "name": "PRODUCION INDUSTRIAL",
    "is_active": true,
    "created_at": "2026-02-13T13:37:15.053Z",
    "updated_at": "2026-02-13T13:37:15.053Z"
  }
},
{
  "model": "inspections.area",
  "pk": 3,
  "fields": {
    "name": "ADMINISTRATIVOS",
    "is_active": true,
    "created_at": "2026-02-13T13:37:15.059Z",
    "updated_at": "2026-02-13T14:55:46.056Z"
  }
},
{
  "model": "inspections.area",
  "pk": 4,
  "fields": {
    "name": "AUTOMATIZACION",
    "is_active": true,
    "created_at": "2026-02-13T13:37:15.065Z",
    "updated_at": "2026-02-13T13:37:15.065Z"
  }
},
{
  "model": "inspections.area",
  "pk": 5,
  "fields": {
    "name": "COSTOS",
    "is_active": true,
    "created_at": "2026-02-13T13:37:15.071Z",
    "updated_at": "2026-02-13T13:37:15.071Z"
  }
},
{
  "model": "inspections.area",
  "pk": 6,
  "fields": {
    "name": "DIRECCION COMERCIAL COLOMBIA",
    "is_active": true,
    "created_at": "2026-02-13T13:37:15.077Z",
    "updated_at": "2026-02-13T13:37:15.077Z"
  }
},
{
  "model": "inspections.area",
  "pk": 7,
  "fields": {
    "name": "LOGISTICA Y COMERCIO EXTERIOR",
    "is_active": true,
    "created_at": "2026-02-13T13:37:15.082Z",
    "updated_at": "2026-02-13T13:37:15.082Z"
  }
},
{
  "model": "inspections.area",
  "pk": 8,
  "fields": {
    "name": "TECNOLOGÍA DE INFORMACIÓN",
    "is_active": true,
    "created_at": "2026-02-13T13:37:15.089Z",
    "updated_at": "2026-02-13T13:37:15.089Z"
  }
},
{
  "model": "inspections.area",
  "pk": 9,
  "fields": {
    "name": "SEGURIDAD Y SALUD EN EL TRABAJO",
    "is_active": true,
    "created_at": "2026-02-13T13:37:15.095Z",
    "updated_at": "2026-02-13T13:37:15.095Z"
  }
},
{
  "model": "inspections.area",
  "pk": 10,
  "fields": {
    "name": "DIRECCION MANUFACTURA",
    "is_active": true,
    "created_at": "2026-02-13T13:37:15.102Z",
    "updated_at": "2026-02-13T13:37:15.102Z"
  }
},
{
  "model": "inspections.area",
  "pk": 11,
  "fields": {
    "name": "DIRECCION MAQUINARIA Y AUTOMATIZACION",
    "is_active": true,
    "created_at": "2026-02-13T13:37:15.108Z",
    "updated_at": "2026-02-13T13:37:15.108Z"
  }
},
{
  "model": "inspections.area",
  "pk": 12,
  "fields": {
    "name": "SEGURIDAD",
    "is_active": true,
    "created_at": "2026-02-13T13:37:15.114Z",
    "updated_at": "2026-02-13T13:37:15.114Z"
  }
},
{
  "model": "inspections.area",
  "pk": 13,
  "fields": {
    "name": "ALMACEN",
    "is_active": true,
    "created_at": "2026-02-13T13:37:15.120Z",
    "updated_at": "2026-02-13T13:37:15.120Z"
  }
},
{
  "model": "inspections.area",
  "pk": 14,
  "fields": {
    "name": "EXTRUSIÓN",
    "is_active": true,
    "created_at": "2026-02-13T13:37:15.126Z",
    "updated_at": "2026-02-13T13:37:15.126Z"
  }
},
{
  "model": "inspections.area",
  "pk": 15,
  "fields": {
    "name": "INYECCIÓN",
    "is_active": true,
    "created_at": "2026-02-13T13:37:15.132Z",
    "updated_at": "2026-02-13T13:37:15.132Z"
  }
},
{
  "model": "inspections.area",
  "pk": 16,
  "fields": {
    "name": "CONTABILIDAD",
    "is_active": true,
    "created_at": "2026-02-13T13:37:15.137Z",
    "updated_at": "2026-02-13T13:37:15.137Z"
  }
},
{
  "model": "inspections.area",
  "pk": 17,
  "fields": {
    "name": "ALMACEN PRODUCTO TERMINADO",
    "is_active": true,
    "created_at": "2026-02-13T13:37:15.144Z",
    "updated_at": "2026-02-13T13:37:15.144Z"
  }
},
{
  "model": "inspections.area",
  "pk": 18,
  "fields": {
    "name": "GERENCIA GENERAL",
    "is_active": true,
    "created_at": "2026-02-13T13:37:15.150Z",
    "updated_at": "2026-02-13T13:37:15.150Z"
  }
},
{
  "model": "inspections.area",
  "pk": 19,
  "fields": {
    "name": "DIRECCION DE PRODUCCION",
    "is_active": true,
    "created_at": "2026-02-13T13:37:15.156Z",
    "updated_at": "2026-02-13T13:37:15.156Z"
  }
},
{
  "model": "inspections.area",
  "pk": 20,
  "fields": {
    "name": "DIRECCION DE MANTENIMIENTO Y SERVICIOS GENERALES",
    "is_active": true,
    "created_at": "2026-02-13T13:37:15.162Z",
    "updated_at": "2026-02-13T13:37:15.162Z"
  }
},
{
  "model": "inspections.area",
  "pk": 21,
  "fields": {
    "name": "GESTION DE CALIDAD",
    "is_active": true,
    "created_at": "2026-02-13T13:37:15.168Z",
    "updated_at": "2026-02-13T13:37:15.168Z"
  }
},
{
  "model": "inspections.area",
  "pk": 22,
  "fields": {
    "name": "DIRECCION COMERCIAL LOGISTICA Y COMERCIO EXTERIOR",
    "is_active": true,
    "created_at": "2026-02-13T13:37:15.174Z",
    "updated_at": "2026-02-13T13:37:15.174Z"
  }
},
{
  "model": "inspections.area",
  "pk": 23,
  "fields": {
    "name": "DIRECCION DE RECURSOS HUMANOS",
    "is_active": true,
    "created_at": "2026-02-13T13:37:15.180Z",
    "updated_at": "2026-02-13T13:37:15.180Z"
  }
},
{
  "model": "inspections.area",
  "pk": 24,
  "fields": {
    "name": "PRODUCCION INSUMOS",
    "is_active": true,
    "created_at": "2026-02-13T13:37:15.185Z",
    "updated_at": "2026-02-13T13:37:15.185Z"
  }
},
{
  "model": "inspections.area",
  "pk": 25,
  "fields": {
    "name": "PRODUCCION FARMACEUTICA",
    "is_active": true,
    "created_at": "2026-02-13T13:37:15.190Z",
    "updated_at": "2026-02-13T13:37:15.190Z"
  }
},
{
  "model": "inspections.area",
  "pk": 26,
  "fields": {
    "name": "MANTENIMIENTO FARMACEUTICO",
    "is_active": true,
    "created_at": "2026-02-13T13:37:15.197Z",
    "updated_at": "2026-02-13T13:37:15.197Z"
  }
},
{
  "model": "inspections.area",
  "pk": 27,
  "fields": {
    "name": "MANTENIMIENTO INSUMOS",
    "is_active": true,
    "created_at": "2026-02-13T13:37:15.202Z",
    "updated_at": "2026-02-13T13:37:15.202Z"
  }
},
{
  "model": "inspections.area",
  "pk": 28,
  "fields": {
    "name": "PROYECTOS",
    "is_active": true,
    "created_at": "2026-02-13T13:37:15.208Z",
    "updated_at": "2026-02-13T13:37:15.208Z"
  }
},
{
  "model": "inspections.area",
  "pk": 29,
  "fields": {
    "name": "DISEÑO DE MAQUINARIA",
    "is_active": true,
    "created_at": "2026-02-13T13:37:15.213Z",
    "updated_at": "2026-02-13T13:37:15.213Z"
  }
},
{
  "model": "inspections.area",
  "pk": 30,
  "fields": {
    "name": "ALMACEN PRODUCTO EN PROCESO",
    "is_active": true,
    "created_at": "2026-02-13T13:37:15.218Z",
    "updated_at": "2026-02-13T13:37:15.218Z"
  }
},
{
  "model": "inspections.area",
  "pk": 31,
  "fields": {
    "name": "COMPRAS",
    "is_active": true,
    "created_at": "2026-02-13T13:37:15.223Z",
    "updated_at": "2026-02-13T13:37:15.223Z"
  }
},
{
  "model": "roles.permission",
  "pk": 1,
  "fields": {
    "module": "users",
    "action": "view",
    "codename": "users_view",
    "description": "Ver listado de usuarios",
    "is_active": true,
    "created_at": "2026-02-13T15:05:07.262Z"
  }
},
{
  "model": "roles.permission",
  "pk": 2,
  "fields": {
    "module": "users",
    "action": "create",
    "codename": "users_create",
    "description": "Crear nuevos usuarios",
    "is_active": true,
    "created_at": "2026-02-13T15:05:07.275Z"
  }
},
{
  "model": "roles.permission",
  "pk": 3,
  "fields": {
    "module": "users",
    "action": "edit",
    "codename": "users_edit",
    "description": "Editar usuarios existentes",
    "is_active": true,
    "created_at": "2026-02-13T15:05:07.281Z"
  }
},
{
  "model": "roles.permission",
  "pk": 4,
  "fields": {
    "module": "users",
    "action": "delete",
    "codename": "users_delete",
    "description": "Eliminar usuarios",
    "is_active": true,
    "created_at": "2026-02-13T15:05:07.287Z"
  }
},
{
  "model": "roles.permission",
  "pk": 5,
  "fields": {
    "module": "roles",
    "action": "view",
    "codename": "roles_view",
    "description": "Ver listado de roles",
    "is_active": true,
    "created_at": "2026-02-13T15:05:07.292Z"
  }
},
{
  "model": "roles.permission",
  "pk": 6,
  "fields": {
    "module": "roles",
    "action": "create",
    "codename": "roles_create",
    "description": "Crear nuevos roles",
    "is_active": true,
    "created_at": "2026-02-13T15:05:07.299Z"
  }
},
{
  "model": "roles.permission",
  "pk": 7,
  "fields": {
    "module": "roles",
    "action": "edit",
    "codename": "roles_edit",
    "description": "Editar roles y permisos",
    "is_active": true,
    "created_at": "2026-02-13T15:05:07.307Z"
  }
},
{
  "model": "roles.permission",
  "pk": 8,
  "fields": {
    "module": "roles",
    "action": "delete",
    "codename": "roles_delete",
    "description": "Eliminar roles",
    "is_active": true,
    "created_at": "2026-02-13T15:05:07.315Z"
  }
},
{
  "model": "roles.permission",
  "pk": 9,
  "fields": {
    "module": "schedule",
    "action": "view",
    "codename": "schedule_view",
    "description": "Ver cronograma anual",
    "is_active": true,
    "created_at": "2026-02-13T15:05:07.320Z"
  }
},
{
  "model": "roles.permission",
  "pk": 10,
  "fields": {
    "module": "schedule",
    "action": "create",
    "codename": "schedule_create",
    "description": "Programar nuevas inspecciones",
    "is_active": true,
    "created_at": "2026-02-13T15:05:07.325Z"
  }
},
{
  "model": "roles.permission",
  "pk": 11,
  "fields": {
    "module": "schedule",
    "action": "edit",
    "codename": "schedule_edit",
    "description": "Editar programaciones",
    "is_active": true,
    "created_at": "2026-02-13T15:05:07.330Z"
  }
},
{
  "model": "roles.permission",
  "pk": 12,
  "fields": {
    "module": "schedule",
    "action": "delete",
    "codename": "schedule_delete",
    "description": "Eliminar programaciones",
    "is_active": true,
    "created_at": "2026-02-13T15:05:07.339Z"
  }
},
{
  "model": "roles.permission",
  "pk": 13,
  "fields": {
    "module": "extinguisher",
    "action": "view",
    "codename": "extinguisher_view",
    "description": "Ver inspecciones de extintores",
    "is_active": true,
    "created_at": "2026-02-13T15:05:07.367Z"
  }
},
{
  "model": "roles.permission",
  "pk": 14,
  "fields": {
    "module": "extinguisher",
    "action": "create",
    "codename": "extinguisher_create",
    "description": "Registrar inspecciones de extintores",
    "is_active": true,
    "created_at": "2026-02-13T15:05:07.375Z"
  }
},
{
  "model": "roles.permission",
  "pk": 15,
  "fields": {
    "module": "extinguisher",
    "action": "edit",
    "codename": "extinguisher_edit",
    "description": "Editar inspecciones de extintores",
    "is_active": true,
    "created_at": "2026-02-13T15:05:07.406Z"
  }
},
{
  "model": "roles.permission",
  "pk": 16,
  "fields": {
    "module": "extinguisher",
    "action": "delete",
    "codename": "extinguisher_delete",
    "description": "Eliminar inspecciones de extintores",
    "is_active": true,
    "created_at": "2026-02-13T15:05:07.412Z"
  }
},
{
  "model": "roles.permission",
  "pk": 17,
  "fields": {
    "module": "first_aid",
    "action": "view",
    "codename": "first_aid_view",
    "description": "Ver inspecciones de botiquines",
    "is_active": true,
    "created_at": "2026-02-13T15:05:07.424Z"
  }
},
{
  "model": "roles.permission",
  "pk": 18,
  "fields": {
    "module": "first_aid",
    "action": "create",
    "codename": "first_aid_create",
    "description": "Registrar inspecciones de botiquines",
    "is_active": true,
    "created_at": "2026-02-13T15:05:07.429Z"
  }
},
{
  "model": "roles.permission",
  "pk": 19,
  "fields": {
    "module": "first_aid",
    "action": "edit",
    "codename": "first_aid_edit",
    "description": "Editar inspecciones de botiquines",
    "is_active": true,
    "created_at": "2026-02-13T15:05:07.433Z"
  }
},
{
  "model": "roles.permission",
  "pk": 20,
  "fields": {
    "module": "first_aid",
    "action": "delete",
    "codename": "first_aid_delete",
    "description": "Eliminar inspecciones de botiquines",
    "is_active": true,
    "created_at": "2026-02-13T15:05:07.439Z"
  }
},
{
  "model": "roles.permission",
  "pk": 21,
  "fields": {
    "module": "process",
    "action": "view",
    "codename": "process_view",
    "description": "Ver inspecciones de procesos",
    "is_active": true,
    "created_at": "2026-02-13T15:05:07.445Z"
  }
},
{
  "model": "roles.permission",
  "pk": 22,
  "fields": {
    "module": "process",
    "action": "create",
    "codename": "process_create",
    "description": "Registrar inspecciones de procesos",
    "is_active": true,
    "created_at": "2026-02-13T15:05:07.450Z"
  }
},
{
  "model": "roles.permission",
  "pk": 23,
  "fields": {
    "module": "process",
    "action": "edit",
    "codename": "process_edit",
    "description": "Editar inspecciones de procesos",
    "is_active": true,
    "created_at": "2026-02-13T15:05:07.455Z"
  }
},
{
  "model": "roles.permission",
  "pk": 24,
  "fields": {
    "module": "process",
    "action": "delete",
    "codename": "process_delete",
    "description": "Eliminar inspecciones de procesos",
    "is_active": true,
    "created_at": "2026-02-13T15:05:07.460Z"
  }
},
{
  "model": "roles.permission",
  "pk": 25,
  "fields": {
    "module": "storage",
    "action": "view",
    "codename": "storage_view",
    "description": "Ver inspecciones de almacenamiento",
    "is_active": true,
    "created_at": "2026-02-13T15:05:07.465Z"
  }
},
{
  "model": "roles.permission",
  "pk": 26,
  "fields": {
    "module": "storage",
    "action": "create",
    "codename": "storage_create",
    "description": "Registrar inspecciones de almacenamiento",
    "is_active": true,
    "created_at": "2026-02-13T15:05:07.470Z"
  }
},
{
  "model": "roles.permission",
  "pk": 27,
  "fields": {
    "module": "storage",
    "action": "edit",
    "codename": "storage_edit",
    "description": "Editar inspecciones de almacenamiento",
    "is_active": true,
    "created_at": "2026-02-13T15:05:07.474Z"
  }
},
{
  "model": "roles.permission",
  "pk": 28,
  "fields": {
    "module": "storage",
    "action": "delete",
    "codename": "storage_delete",
    "description": "Eliminar inspecciones de almacenamiento",
    "is_active": true,
    "created_at": "2026-02-13T15:05:07.479Z"
  }
},
{
  "model": "roles.permission",
  "pk": 29,
  "fields": {
    "module": "forklift",
    "action": "view",
    "codename": "forklift_view",
    "description": "Ver inspecciones de montacargas",
    "is_active": true,
    "created_at": "2026-02-13T15:05:07.485Z"
  }
},
{
  "model": "roles.permission",
  "pk": 30,
  "fields": {
    "module": "forklift",
    "action": "create",
    "codename": "forklift_create",
    "description": "Registrar inspecciones de montacargas",
    "is_active": true,
    "created_at": "2026-02-13T15:05:07.492Z"
  }
},
{
  "model": "roles.permission",
  "pk": 31,
  "fields": {
    "module": "forklift",
    "action": "edit",
    "codename": "forklift_edit",
    "description": "Editar inspecciones de montacargas",
    "is_active": true,
    "created_at": "2026-02-13T15:05:07.498Z"
  }
},
{
  "model": "roles.permission",
  "pk": 32,
  "fields": {
    "module": "forklift",
    "action": "delete",
    "codename": "forklift_delete",
    "description": "Eliminar inspecciones de montacargas",
    "is_active": true,
    "created_at": "2026-02-13T15:05:07.505Z"
  }
},
{
  "model": "roles.permission",
  "pk": 33,
  "fields": {
    "module": "users",
    "action": "reset_password",
    "codename": "users_reset_password",
    "description": "Restablecer contraseña de usuarios",
    "is_active": true,
    "created_at": "2026-02-18T18:13:04.414Z"
  }
},
{
  "model": "roles.permission",
  "pk": 34,
  "fields": {
    "module": "reports",
    "action": "view",
    "codename": "reports_view",
    "description": "Acceso al módulo de Reportes Históricos",
    "is_active": true,
    "created_at": "2026-02-18T22:41:55.315Z"
  }
},
{
  "model": "roles.role",
  "pk": 1,
  "fields": {
    "name": "Administrador",
    "description": "Acceso total al sistema, gestión de usuarios, roles y configuraciones",
    "is_active": true,
    "is_system_role": false,
    "created_at": "2026-02-13T15:04:03.492Z",
    "updated_at": "2026-02-13T15:04:03.492Z",
    "permissions": [
      14,
      16,
      15,
      13,
      18,
      20,
      19,
      17,
      30,
      32,
      31,
      29,
      22,
      24,
      23,
      21,
      34,
      6,
      8,
      7,
      5,
      10,
      12,
      11,
      9,
      26,
      28,
      27,
      25,
      2,
      4,
      3,
      33,
      1
    ]
  }
},
{
  "model": "roles.role",
  "pk": 2,
  "fields": {
    "name": "Equipo SST",
    "description": "Equipo de Seguridad y Salud en el Trabajo, gestión de inspecciones y cronogramas",
    "is_active": true,
    "is_system_role": false,
    "created_at": "2026-02-13T15:04:33.556Z",
    "updated_at": "2026-02-13T15:04:33.556Z",
    "permissions": [
      14,
      15,
      13,
      18,
      19,
      17,
      30,
      31,
      29,
      22,
      23,
      21,
      10,
      11,
      9,
      26,
      27,
      25
    ]
  }
},
{
  "model": "roles.role",
  "pk": 3,
  "fields": {
    "name": "Almacenista",
    "description": "Responsable de inspecciones de almacenamiento y control de inventarios",
    "is_active": true,
    "is_system_role": false,
    "created_at": "2026-02-13T15:04:33.570Z",
    "updated_at": "2026-02-13T15:04:33.570Z",
    "permissions": [
      22,
      23,
      21,
      26,
      27,
      25
    ]
  }
},
{
  "model": "roles.role",
  "pk": 4,
  "fields": {
    "name": "Brigadista",
    "description": "Responsable de inspecciones de extintores y botiquines de primeros auxilios",
    "is_active": true,
    "is_system_role": false,
    "created_at": "2026-02-13T15:04:33.578Z",
    "updated_at": "2026-02-13T15:04:33.578Z",
    "permissions": [
      14,
      15,
      13,
      18,
      19,
      17,
      10,
      11,
      9
    ]
  }
},
{
  "model": "roles.role",
  "pk": 5,
  "fields": {
    "name": "Montacarguista",
    "description": "Operador de montacargas, responsable de inspecciones de equipos",
    "is_active": true,
    "is_system_role": false,
    "created_at": "2026-02-13T15:04:33.586Z",
    "updated_at": "2026-02-13T15:04:33.586Z",
    "permissions": [
      14,
      13,
      18,
      17,
      30,
      29,
      22,
      21,
      6,
      5,
      10,
      9,
      26,
      25,
      2,
      1
    ]
  }
},
{
  "model": "roles.role",
  "pk": 6,
  "fields": {
    "name": "Consulta",
    "description": "Acceso de solo lectura para consultar inspecciones y reportes",
    "is_active": true,
    "is_system_role": false,
    "created_at": "2026-02-13T15:04:33.594Z",
    "updated_at": "2026-02-13T15:04:33.594Z",
    "permissions": [
      13,
      17,
      29,
      21,
      5,
      9,
      25,
      1
    ]
  }
},
{
  "model": "notifications.notificationgroup",
  "pk": 1,
  "fields": {
    "name": "Jefes",
    "description": "Grupo por defecto para notificaciones críticas y de seguimiento.",
    "is_active": true,
    "is_system_default": true,
    "users": []
  }
},
{
  "model": "system_config.systemconfig",
  "pk": 1,
  "fields": {
    "key": "dias_seguimiento_auto",
    "value": "15",
    "description": "Días para programar automáticamente un seguimiento.",
    "config_type": "number",
    "category": "inspecciones",
    "is_editable": true,
    "updated_at": "2026-02-16T17:21:03.625Z"
  }
},
{
  "model": "system_config.systemconfig",
  "pk": 2,
  "fields": {
    "key": "dias_aviso_programacion",
    "value": "3",
    "description": "Días previos para avisar sobre programaciones pendientes.",
    "config_type": "number",
    "category": "notificaciones",
    "is_editable": true,
    "updated_at": "2026-02-16T17:21:03.632Z"
  }
},
{
  "model": "system_config.systemconfig",
  "pk": 3,
  "fields": {
    "key": "notificaciones_activas",
    "value": "true",
    "description": "Activa o desactiva notificaciones internas del sistema.",
    "config_type": "boolean",
    "category": "general",
    "is_editable": true,
    "updated_at": "2026-02-16T17:21:03.691Z"
  }
}
]
